"ID";"CNAE";"DESCRIPCION"
491;"6710";ACTIV. AUXIL.A LA INTERMED. FINANC. EXCP. SEGUROS Y PLANES PENS
492;"6711";ADMINISTRACION DE MERCADOS FINANCIEROS
493;"6712";ACTIVIDADES BURSATILES POR CUENTA DE TERCEROS
494;"6713";OTRAS ACTIVIDADES AUXILIARES A LA INTERMEDIACION FINANCIERA
495;"6720";ACTIVIDADES AUXILIARES DE SEGUROS Y PLANES DE PENSIONES
496;"7010";ACTIVIDADES INMOBILIARIAS POR CUENTA PROPIA
497;"7011";PROMOCION INMOBILIARIA POR CUENTA PROPIA
498;"7012";COMPRAVENTA DE BIENES INMOBILIARIOS POR CUENTA PROPIA
499;"7020";ALQUILER DE BIENES INMOBILIARIOS POR CUENTA PROPIA
500;"7030";ACTIVIDADES INMOBILIARIAS POR CUENTA DE TERCEROS
501;"7031";AGENTES DE LA PROPIEDAD INMOBILIARIA
502;"7032";GESTION Y ADMINISTRACION DE LA PROPIEDAD INMOBILIARIA
503;"7110";ALQUILER DE AUTOMOVILES
504;"7120";ALQUILER DE OTROS MEDIOS DE TRANSPORTE
505;"7121";ALQUILER DE OTROS MEDIOS DE TRANSPORTE TERRESTRE
506;"7122";ALQUILER DE MEDIOS DE NAVEGACION
507;"7123";ALQUILER DE MEDIOS DE TRANSPORTE AEREO
508;"7130";ALQUILER DE MAQUINARIA Y EQUIPO
509;"7131";ALQUILER DE MAQUINARIA Y EQUIPO AGRARIO
510;"7132";ALQUILER MAQUINARIA Y EQUIPO PARA CONSTRUC. E INGEN. CIVIL
511;"7133";ALQUILER MAQUINAS Y EQUIPO OFICINA (INCLUIDOS ORDENADORES)
512;"7134";ALQUILER DE OTROS TIPOS DE MAQUINARIA Y EQUIPO
513;"7140";ALQUILER DE EFECTOS PERSONALES Y ENSERES DOMESTICOS
514;"7210";CONSULTA DE EQUIPO INFORMATICO
515;"7220";CONSULTA DE APLICACIONES INFORMATICAS Y SUMIN. PROGRAMAS INF.
516;"7230";PROCESO DE DATOS                                                   
517;"7240";ACTIVIDADES RELACIONADAS CON BASES DE DATOS                        
518;"7250";"MANTENIM. Y REPARAC. DE MAQU. OFICINA; CONTABILID. Y EQUIP. INFO.  "
519;"7260";OTRAS ACTIVIDADES RELACIONADAS CON LA INFORMATICA                  
520;"7310";INVESTIG. Y DESARR. SOBRE CIENCIAS NATURALES Y TECNICAS   
521;"7320";INVESTIG .Y DESARR. SOBRE CIENCIAS SOCIALES Y HUMANIDADES 
522;"7410";"ACTIV. JURIDICAS; DE CONTABILIDAD; AUDITORIA; ASESORIA; EST. MERC."
523;"7411";ACTIVIDADES JURIDICAS
524;"7412";"ACTIV. CONTAB;. TENEDURIA LIBROS; AUDITORIA Y ASES. FISCAL"
525;"7413";ESTUDIO MERCADO Y REALIZACION ENCUESTAS DE OPINION PUBLICA
526;"7414";CONSULTA Y ASESORAMIENTO SOBRE DIRECCION Y GESTION EMPRES.
527;"7415";GESTION DE SOCIEDADES DE CARTERA (HOLDINGS)
528;"7420";SERV.TECNICOS ARQUITECTURA E INGENIERIA Y ACTIV. RELACION.
529;"7430";ENSAYOS Y ANALISIS TECNICOS
530;"7440";PUBLICIDAD
531;"7450";SELECCION Y COLOCACION DE PERSONAL
532;"7460";SERVICIOS DE INVESTIGACION Y SEGURIDAD
533;"7470";ACTIVIDADES INDUSTRIALES DE LIMPIEZA
534;"7480";ACTIVIDADES EMPRESARIALES DIVERSAS
535;"7481";ACTIVIDADES DE FOTOGRAFIA
536;"7482";ACTIVIDADES DE ENVASADO Y EMPAQUETADO POR CUENTA DE TERCEROS
537;"7483";ACTIVIDADES DE SECRETARIA Y TRADUCCION
538;"7484";OTRAS ACTIVIDADES EMPRESARIALES
539;"7510";ADMINISTRACION PUBLICA
540;"7511";ACTIVIDADES GENERALES DE LA ADMINISTRACION PUBLICA
541;"7512";"REGULAC. ACTIV. SANIT.; EDUCAT.; CULT.EXCEP.S.SOC.OBLIGAT."
542;"7513";REGULACION DE LA ACTIVIDAD ECONOMICA
543;"7514";OTRAS ACTIV. AUXILIARES SERV. PARA LA ADMON. PUBL. EN GRAL.
544;"7520";PRESTACION PUBLICA DE SERVICIOS A LA COMUNIDAD EN GENERAL
545;"7521";ASUNTOS EXTERIORES
546;"7522";DEFENSA
547;"7523";JUSTICIA
548;"7524";ORDEN PUBLICO Y SEGURIDAD
549;"7525";ACTIVIDADES DE PROTECCION CIVIL
550;"7530";SEGURIDAD SOCIAL OBLIGATORIA
551;"8010";ENSEÑANZA PRIMARIA
552;"8020";ENSEÑANZA SECUNDARIA
553;"8021";ENSEÑANZA SECUNDARIA DE FORMACION GENERAL
554;"8022";ENSEÑANZA SECUNDARIA DE FORMACION TECNICA Y PROFESIONAL
555;"8030";ENSEÑANZA SUPERIOR
556;"8040";FORMACION PERMANENTE Y OTRAS ACTIVIDADES DE ENSEÑANZA
557;"8041";ENSEÑANZA DE LAS ESCUELAS DE CONDUCCION Y PILOTAJE
558;"8042";ENSEÑANZA PARA ADULTOS Y OTRO EQUIPO DE ENSEÑANZA
559;"8510";ACTIVIDADES SANITARIAS
560;"8511";ACTIVIDADES HOSPITALARIAS
561;"8512";ACTIVIDADES MEDICAS
562;"8513";ACTIVIDADES ODONTOLOGICAS
563;"8514";OTRAS ACTIVIDADES SANITARIAS
564;"8520";ACTIVIDADES VETERINARIAS
565;"8530";ACTIVIDADES DE SERVICIOS SOCIALES
566;"8531";ACTIV. PRESTACION DE SERVICIOS SOCIALES CON ALOJAMIENTO
567;"8532";ACTIV. PRESTACION DE SERVICIOS SOCIALES SIN ALOJAMIENTO
568;"9000";ACTIVIDADES DE SANEAMIENTO PUBLICO
569;"9110";"ACTIV. ORGANIZAC. EMPRESARIALES; PROFESIONALES Y PATRONALES"
570;"9111";ACTIVIDADES DE ORGANIZACIONES EMPRESARIALES Y PATRONALES
571;"9112";ACTIVIDADES DE ORGANIZACIONES PROFESIONALES
572;"9120";ACTIVIDADES SINDICALES
573;"9130";ACTIVIDADES ASOCIATIVAS DIVERSAS
574;"9131";ACTIVIDADES DE ORGANIZACIONES RELIGIOSAS
575;"9132";ACTIVIDADES DE ORGANIZACIONES POLITICAS
576;"9133";OTRAS ACTIVIDADES ASOCIATIVAS
577;"9210";ACTIVIDADES CINEMATOGRAFICAS Y DE VIDEO
578;"9211";PRODUCCION CINEMATOGRAFICA Y DE VIDEO
579;"9212";DISTRIBUCION DE PELICULAS
580;"9213";EXHIBICION DE PELICULAS
581;"9220";ACTIVIDADES DE RADIO Y TELEVISION
582;"9230";OTRAS ACTIVIDADES ARTISTICAS Y DE ESPECTACULOS
583;"9231";CREACION E INTERPRETACION ARTISTICA Y LITERARIA
584;"9232";GESTION DE SALAS DE ESPECTACULOS
585;"9233";ACTIVIDADES DE FERIAS Y PARQUES DE ATRACCIONES
586;"9234";OTRAS ACTIVIDADES DE ESPECTACULOS
587;"9240";ACTIVIDADES DE AGENCIAS DE NOTICIAS
588;"9250";"ACTIV.DE BIBLIOTECAS; ARCHIVOS; MUSEOS Y OTRAS INST.CULTURAL"
589;"9251";ACTIVIDADES DE BIBLIOTECAS Y ARCHIVOS
590;"9252";ACTIV. MUSEOS Y CONSERVACION LUGARES Y EDIFICIOS HISTORICOS
591;"9253";"ACTIV. JARDINES BOTANICOS; ZOOLOGICOS Y PARQUES NACIONALES"
592;"9260";ACTIVIDADES DEPORTIVAS
593;"9261";GESTION DE ESTADIOS Y OTRAS INSTALACIONES DEPORTIVAS
594;"9262";OTRAS ACTIVIDADES DEPORTIVAS
595;"9270";ACTIVIDADES RECREATIVAS DIVERSAS
596;"9271";ACTIVIDADES RELACIONADAS CON LOS JUEGOS DE AZAR Y APUESTAS
597;"9272";OTRAS ACTIVIDADES RECREATIVAS
598;"9300";ACTIVIDADES DIVERSAS DE SERVICIOS PERSONALES
599;"9301";"LAVADO; LIMPIEZA Y TEÑIDO DE PRENDAS TEXTILES Y DE PIEL"
600;"9302";PELUQUERIA Y OTROS TRATAMIENTOS DE BELLEZA
601;"9303";POMPAS FUNEBRES Y ACTIVIDADES RELACIONADAS CON LAS MISMAS
602;"9304";ACTIVIDADES DE MANTENIMIENTO FISICO CORPORAL
603;"9305";OTRAS ACTIVIDADES DE SERVICIOS PERSONALES
604;"9500";HOGARES QUE EMPLEAN PERSONAL DOMESTICO
605;"9900";ORGANISMOS EXTRATERRITORIALES
606;"9990";OTRAS ACTIVIDADES
607;"9900";OTRAS ACTIVIDADES
608;"4672";COMERCIO AL POR MAYOR DE METALES Y MINERALES METALICOS
1004;"0111";"CULTIVO DE CEREALES (EXCEPTO ARROZ); LEGUMINOSAS Y SEMILLAS OLEAGINOSAS"
1005;"0112";CULTIVO DE ARROZ
1006;"0113";"CULTIVO DE HORTALIZAS; RAICES Y TUBERCULOS"
1;"0110";PRODUCCION AGRICOLA
2;"0111";CULTIVO DE CEREALES Y OTROS CULTIVOS
3;"0112";"CULT. DE HORTALIZAS; ESPECIAL. HORTICULTURA Y PDTOS. VIVERO"
4;"0113";"CULT. FRUTAS; FRUTOS SECOS; ESPECIAS Y CULT. PARA BEBIDAS"
5;"0120";PRODUCCION GANADERA
6;"0121";EXPLOTACION DE GANADO BOVINO Y PRODUCCION DE LECHE CRUDA
7;"0122";"EXPLOTACION DE GANADO OVINO; CAPRINO Y EQUINO"
8;"0123";EXPLOTACION DE GANADO PORCINO
9;"0124";AVICULTURA
10;"0125";OTRAS EXPLOTACIONES DE GANADO
11;"0130";PRODUCCION AGRARIA COMBINADA CON LA PRODUCCION GANADERA
12;"0140";ACTIVID. DE SERVIC. RELAC. CON AGRICULTURA.GANAD.(EXCP.VETERIN.)
13;"0141";ACTIVIDADES DE SERVICIOS RELACIONADOS CON LA AGRICULTURA
14;"0142";"ACTIV. SERV. RELAC. GANADERIA; EXCEPTO ACTIV. VETERINARIAS"
15;"0150";"CAZA; CAPTURA DE ANIMALES Y REPOBLACION CINEGETICA"
16;"0200";"SILVICULTURA; EXPLOTACION FORESTAL Y SERVICIOS RELACIONADOS"
17;"0201";SILVICULTURA Y EXPLOTACION FORESTAL
18;"0202";ACTIV. SERV. RELACIONADOS SILVICULTURA Y EXPLOT. FORESTAL
19;"0500";"PESCA; ACUICULTURA Y ACTIVIDADES SERVICIOS RELACIONADOS"
20;"0501";PESCA
21;"0502";ACUICULTURA
22;"1010";EXTRACCION Y AGLOMERACION DE ANTRACITA Y HULLA
23;"1020";EXTRACCION Y AGLOMERACION DE LIGNITO PARDO
24;"1030";EXTRACCION Y AGLOMERACION DE TURBA
25;"1110";EXTRACCION DE CRUDOS DE PETROLEO Y GAS NATURAL
26;"1120";ACTIVID. DE LOS SERVIC. RELAC. CON EXPLOTAC. PETROLIF. Y GAS
27;"1200";EXTRACCION DE MINERALES DE URANIO Y TORIO
28;"1310";EXTRACCION DE MINERALES DE HIERRO
29;"1320";"EXTRAC. MINERALES METALICOS NO FERREOS; EXCP. URANIO Y TORIO"
30;"1410";EXTRACCION DE PIEDRA
31;"1411";EXTRACCION DE PIEDRA PARA LA CONSTRUCCION
32;"1412";"EXTRACCION DE PIEDRA CALIZA; YESO Y CRETA"
33;"1413";EXTRACCION DE PIZARRAS
34;"1420";EXTRACCION DE ARENAS Y ARCILLAS
35;"1421";EXTRACCION DE GRAVAS Y ARENAS
36;"1422";EXTRACCION DE ARCILLA Y CAOLIN
37;"1430";EXTRACCION DE MINERALES PARA ABONOS Y PRODUCTOS QUIMICOS
38;"1440";PRODUCCION DE SAL
39;"1450";EXTRACCION DE OTROS MINERALES NO METALICOS NI ENERGETICOS
40;"1510";INDUSTRIA CARNICA
41;"1511";SACRIFICIO DE GANADO Y CONSERVACION DE CARNES
42;"1512";SACRIFICIO Y CONSERVACION DE VOLATERIA
43;"1513";FABRICACION DE PRODUCTOS CARNICOS
44;"1520";"ELABORACION;CONSERVACION DE PESCADOS Y PROD. A BASE DE PESC."
45;"1530";PREPARACION Y CONSERVACION DE FRUTAS Y HORTALIZAS
46;"1531";PREPARACION Y CONSERVACION DE PATATAS
47;"1532";FABRICACION DE JUGOS DE FRUTAS Y HORTALIZAS
48;"1533";FABRICACION DE CONSERVAS DE FRUTAS Y HORTALIZAS
49;"1540";FABRICACION DE GRASAS Y ACEITES (VEGETALES Y ANIMALES)
50;"1541";FABRICACION DE ACEITES Y GRASAS SIN REFINAR
51;"1542";FABRICACION DE ACEITES Y GRASAS REFINADAS
52;"1543";FABRICACION DE MARGARINA Y GRASAS COMESTIBLES SIMILARES
53;"1550";INDUSTRIAS LACTEAS
54;"1551";FABRICACION DE PRODUCTOS LACTEOS
55;"1552";ELABORACION DE HELADOS
56;"1560";"FABRICAC.DE PRODUCTOS DE MOLINERIA; ALMIDONES Y PROD. AMILACEOS"
57;"1561";FABRICACION DE PRODUCTOS DE MOLINERIA
58;"1562";FABRICACION DE ALMIDONES Y PRODUCTOS AMILACEOS
59;"1570";FABRICACION DE PRODUCTOS PARA LA ALIMENTACION ANIMAL
60;"1571";FABRICACION DE PDTOS. PARA ALIMENTACION ANIMALES DE GRANJA
61;"1572";FABRICACION DE PDTOS. PARA ALIMENTACION ANIMALES DE COMPAÑ.
62;"1580";FABRICACION DE OTROS PRODUCTOS ALIMENTICIOS
63;"1581";FABRICACION DE PAN Y PDTOS. PANADERIA Y PASTELERIA FRESCOS
64;"1582";FAB. GALLETAS Y PDTOS. PANADERIA Y PASTELERIA LARGA DURACION
65;"1583";INDUSTRIA DEL AZUCAR
66;"1584";"INDUSTRIA DEL CACAO; CHOCOLATE Y CONFITERIA"
67;"1585";FABRICACION DE PASTAS ALIMENTICIAS
68;"1586";"ELABORACION DE CAFE; TE E INFUSIONES"
69;"1587";"ELABORACION DE ESPECIAS; SALSAS Y CONDIMENTOS"
70;"1588";ELAB. Y PREPARADOS ALIMENTACION INFANTIL Y PREP. DIETETICOS
71;"1589";ELABORACION DE OTROS PRODUCTOS ALIMENTICIOS
72;"1590";ELABORACION DE BEBIDAS
73;"1591";DESTILACION DE BEBIDAS ALCOHOLICAS
74;"1593";ELABORACION DE VINOS
75;"1594";ELABORACION SIDRA Y OTRAS BEBIDAS FERMENT. A PARTIR DE FRUTA
76;"1596";FABRICACION DE CERVEZA
77;"1597";FABRICACION DE MALTA
78;"1598";PRODUCCION DE AGUAS MINERALES Y BEBIDAS ANALCOHOLICAS
79;"1600";INDUSTRIA DEL TABACO
80;"1710";PREPARACION E HILADO DE FIBRAS TEXTILES
81;"1711";PREPARACION E HILADO DE FIBRAS DE ALGODON Y SUS MEZCLAS
82;"1712";PREPARACION E HILADO DE FIBRAS DE LANA CARDADA Y SUS MEZCLAS
83;"1713";PREPARACION E HILADO DE FIBRAS DE LANA PEINADA Y SUS MEZCLAS
84;"1715";TORCIDO Y PREPARACION SEDA; TORCIDO Y FILAMENTOS SINTETICOS
85;"1716";FABRICACION DE HILO DE COSER
86;"1717";PREPARACION E HILADO DE OTRAS FIBRAS TEXTILES
87;"1720";FABRICACION DE TEJIDOS TEXTILES
88;"1721";FABRICACION DE TEJIDOS DE ALGODON Y SUS MEZCLAS
89;"1722";FABRICACION DE TEJIDOS DE LANA CARDADA Y SUS MEZCLAS
90;"1723";FABRICACION DE TEJIDOS DE LANA PEINADA Y SUS MEZCLAS
91;"1724";FABRICACION DE TEJIDOS DE SEDA
92;"1725";FABRICACION DE OTROS TEJIDOS TEXTILES
93;"1730";ACABADO DE TEXTILES
94;"1740";FABRIC. ARTICULOS CONFECC. CON TEXTILES EXCP. PRENDAS VESTIR
95;"1750";OTRAS INDUSTRIAS TEXTILES
96;"1751";FABRICACION DE ALFOMBRAS Y MOQUETAS
97;"1752";"FABRICACION DE CUERDAS; CORDELES; BRAMANTES Y REDES"
98;"1753";"FAB. TELAS NO TEJ. Y ART. CONFEC. CON ESTAS; EX. PREND.VEST."
99;"1754";FABRICACION DE OTROS ARTICULOS TEXTILES
100;"1760";FABRICACION DE TEJIDOS DE PUNTO
101;"1770";FABRICACION DE ARTICULOS EN TEJIDOS DE PUNTO
102;"1771";FABRICACION DE CALCETERIA
103;"1772";FABRICACION DE OTROS ARTICULOS EN TEJIDOS DE PUNTO
104;"1810";CONFECCION DE PRENDAS DE CUERO
105;"1820";CONFECCION DE PRENDAS DE VESTIR EN TEXTILES Y ACCESORIOS
106;"1821";CONFECCION DE ROPA DE TRABAJO
107;"1822";CONFECCION DE OTRAS PRENDAS EXTERIORES
108;"1823";CONFECCION DE ROPA INTERIOR
109;"1824";CONFECCION DE OTRAS PRENDAS DE VESTIR Y ACCESORIOS
110;"1830";PREPARACION Y TEÑIDO DE PIELES;FABRIC. DE ARTIC.DE PELETERIA
111;"1910";"PREPARACION; CURTIDO Y ACABADO DEL CUERO                  "
112;"1920";"FABRICACION DE ARTICULOS DE MARROQUINERIA Y VIAJE; Y OTROS"
113;"1930";FABRICACION DE CALZADO                                    
114;"2010";"ASERRADO Y CEPILLADO DE MADERA; PREPARAC. INDUSTR. DE LA MADERA          "
115;"2020";"FABRIC. DE CHAPAS; TABLEROS; CONTRACHAP.; AGLOMERADOS; FIBRAS            "
116;"2030";FABRIC. ESTRUCT. MADERA Y PIEZAS CARPINTERIA Y EBANISTERIA   
117;"2040";FABRICACION DE ENVASES Y EMBALAJES DE MADERA                 
118;"2050";"FABRIC. OTROS PROD. DE MADERA. PRODUCTOS DE CORCHO; CESTERIA "
119;"2051";FABRICACION DE OTROS PRODUCTOS DE MADERA
130;"2210";EDICION
120;"2052";"FABRICACION DE PRODUCTOS DE CORCHO; CESTERIA Y ESPARTERIA"
121;"2110";"FABRICACION DE PASTA PAPELERA; PAPEL Y CARTON"
122;"2111";FABRICACION DE PASTA PAPELERA
123;"2112";FABRICACION DE PAPEL Y CARTON
124;"2120";FABRICACION DE ARTICULOS DE PAPEL Y DE CARTON
125;"2121";FAB. PAPEL Y CARTON ONDULADOS: FAB. ENV. Y EMB. PAPEL Y CART
126;"2122";FAB. ARTICULOS PAPEL Y CARTON PARA USO DOMESTICO Y SANITARIO
127;"2123";FABRICACION DE ARTICULOS DE PAPELERIA
128;"2124";FABRICACION DE PAPELES PINTADOS
129;"2125";FABRICACION DE OTROS ARTICULOS DE PAPEL Y CARTON
131;"2211";EDICION DE LIBROS
132;"2212";EDICION DE PERIODICOS
133;"2213";EDICION DE REVISTAS
134;"2214";EDICION DE SOPORTES DE SONIDO GRABADO
135;"2215";OTRAS ACTIVIDADES DE EDICION
136;"2220";ARTES GRAFICAS Y ACTIV. DE SERV. RELACIONADOS CON LAS MISMAS
137;"2221";IMPRESION DE PERIODICOS
138;"2222";OTRAS ACTIVIDADES DE IMPRESION
139;"2223";ENCUADERNACION Y ACABADO
140;"2224";COMPOSICION Y FOTOGRABADO
141;"2225";OTRAS ACTIVIDADES GRAFICAS
142;"2230";REPRODUCCION DE SOPORTES GRABADOS
143;"2231";REPRODUCCION DE SOPORTES DE SONIDO GRABADO
144;"2232";REPRODUCCION DE SOPORTES DE VIDEO GRABADO
145;"2233";REPRODUCCION DE SOPORTES DE INFORMATICA GRABADOS
146;"2310";COQUERIAS                                                    
147;"2320";REFINO DE PETROLEO                                           
148;"2330";TRATAMIENTO DE COMBUSTIBLES NUCLEARES Y RESIDUOS RADIACTIVOS 
149;"2410";FABRICACION DE PRODUCTOS QUIMICOS BASICOS
150;"2411";FABRICACION DE GASES INDUSTRIALES
151;"2412";FABRICACION DE COLORANTES Y PIGMENTOS
152;"2413";FABRICACION DE PRODUCTOS BASICOS DE QUIMICA INORGANICA
153;"2414";FABRICACION DE PRODUCTOS BASICOS DE QUIMICA ORGANICA
154;"2415";FABRICACION DE ABONOS Y COMP. NITROGENADOS FERTILIZANTES
155;"2416";FABRICACION DE PRIMERAS MATERIAS PLASTICAS
156;"2417";FABRICACION DE CAUCHO SINTETICO EN FORMA PRIMARIA
157;"2420";FABRICACION DE PESTICIDAS Y OTROS PRODUCTOS AGROQUIMICOS
158;"2430";"FABRIC.PINTURAS;BARNICES Y REVESTIM.SIMILARES;TINTAS;MASILL."
159;"2440";FABRICACION DE PRODUCTOS FARMACEUTICOS
160;"2441";FABRICACION DE PRODUCTOS FARMACEUTICOS DE BASE
161;"2442";FAB. PREP. FARMACEUTICAS Y OTROS PDTOS. FARMAC. USO MEDIC.
162;"2450";"FABRIC. JABONES; DETERGENTES; OTROS ARTIC. LIMP. Y ABRILLANTAMIENTO"
163;"2451";"FAB. JABONES; DETERG. Y OTROS ART. LIMP. Y ABRILLANTAMIENTO"
164;"2452";FABRICACION DE PERFUMES Y PRODUCTOS DE BELLEZA E HIGIENE
165;"2460";FABRICACION DE OTROS PRODUCTOS QUIMICOS
166;"2461";FABRICACION DE EXPLOSIVOS Y ARTICULOS PIROTECNICOS
167;"2462";FABRICACION DE COLAS Y GELATINAS
168;"2463";FABRICACION DE ACEITES ESENCIALES
169;"2464";FAB. MATERIAL FOTOGRAFICO VIRGEN PREP. QUIMICOS PARA FOTOGR.
170;"2465";FABRICACION DE SOPORTES VIRGENES PARA GRABACION
171;"2466";FABRICACION DE OTROS PRODUCTOS QUIMICOS
172;"2470";FABRICACION DE FIBRAS ARTIFICIALES Y SINTETICAS
173;"2510";FABRICACION DE PRODUCTOS DE CAUCHO
174;"2510";FABRICACION DE NEUMATICOS Y CAMARAS DE CAUCHO
175;"2510";RECONSTRUCCION Y RECAUCHUTADO DE NEUMATICOS
176;"2510";FABRICACION DE OTROS PRODUCTOS DE CAUCHO
177;"2510";FABRICACION DE PRODUCTOS DE MATERIAS PLASTICAS
178;"2510";"FABR. PLACAS; HOJAS; TUBOS Y PERFILES DE MATERIAS PLASTICAS"
179;"2510";FABRICACION DE ENVASES Y EMBALAJES DE MATERIAS PLASTICAS
180;"2510";FABRIC. PRODUCTOS DE MATERIAS PLASTICAS PARA LA CONSTRUCCION
181;"2510";FABRICACION DE OTROS PRODUCTOS DE MATERIAS PLASTICAS
182;"2610";FABRICACION DE VIDRIO Y PRODUCTOS DE VIDRIO
183;"2611";FABRICACION DE VIDRIO PLANO
184;"2612";MANIPULADO Y TRANSFORMACION DE VIDRIO PLANO
185;"2613";FABRICACION DE VIDRIO HUECO
186;"2614";FABRICACION DE FIBRA DE VIDRIO
187;"2615";FABRIC. Y MANIPULADO OTRO VIDRIO (INCLUIDO VIDRIO TECNICO)
188;"2620";FABRIC. PROD. CERAMICOS NO REFRACT.EXCP.DESTINADOS CONSTRUC.
189;"2621";FABRIC. DE ARTICULOS CERAMICOS DE USO DOMESTICO Y ORNAMENTAL
190;"2622";FABRICACION DE APARATOS SANITARIOS CERAMICOS
191;"2623";FABRIC. AISLADORES Y PIEZAS AISLANTES DE MATERIAL CERAMICO
192;"2624";FABRICACION DE OTROS PRODUCTOS CERAMICOS DE USO TECNICO
193;"2625";FABRICACION DE OTROS PRODUCTOS CERAMICOS
194;"2626";FABRICACION DE PRODUCTOS CERAMICOS REFRACTARIOS
195;"2630";FABRICACION DE AZULEJOS Y BALDOSAS DE CERAMICA
196;"2640";"FABRIC. LADRILLOS; TEJAS Y PROD.TIERRAS COCIDAS PARA CONSTR."
197;"2650";"FABRICACION DE CEMENTO; CAL Y YESO"
198;"2651";FABRICACION DE CEMENTO
199;"2652";FABRICACION DE CAL
200;"2653";FABRICACION DE YESO
201;"2660";"FABRICACION DE ELEMENTOS DE HORMIGON; YESO Y CEMENTO"
202;"2661";FABRICACION DE ELEMENTOS DE HORMIGON PARA LA CONSTRUCCION
203;"2662";FABRICACION DE ELEMENTOS DE YESO PARA LA CONSTRUCCION
204;"2663";FABRICACION DE HORMIGON FRESCO
205;"2664";FABRICACION DE MORTERO
206;"2665";FABRICACION DE FIBROCEMENTO
207;"2666";"FABRICACION DE OTROS PRODUCTOS DE HORMIGON; YESO Y CEMENTO"
208;"2670";INDUSTRIA DE LA PIEDRA
209;"2680";FABRICACION DE PRODUCTOS MINERALES NO METALICOS DIVERSOS
210;"2681";FABRICACION DE PRODUCTOS ABRASIVOS
211;"2682";FABRICACION DE OTROS PRODUCTOS MINERALES NO METALICOS
212;"2710";"FABRIC. PRODUCTOS BASICOS DE HIERRO; ACERO Y FERROALEACIONES"
213;"2720";FABRICACION DE TUBOS
214;"2721";FABRICACION DE TUBOS DE HIERRO
215;"2722";FABRICACION DE TUBOS DE ACERO
216;"2730";OTRAS ACTIV. DE TRANSFORM. DEL HIERRO Y DEL ACERO Y FERROALEAC.
217;"2731";ESTIRADO EN FRIO
218;"2732";LAMINACION EN FRIO
219;"2733";PRODUCCION DE PERFILES EN FRIO POR CONFORMACION CON PLEGADO
220;"2734";TREFILADO EN FRIO
221;"2735";PRODUC. FERROALEACIONES NO CECA Y TRANSF. HIERRO Y ACERO
222;"2740";PRODUCC.Y PRIMERA TRANSF.METALES PRECIOSOS Y OTROS NO FERREOS
223;"2741";PRODUCCION Y PRIMERA TRANSFORMACION METALES PRECIOSOS
224;"2742";PRODUCCION Y PRIMERA TRANSFORMACION DE ALUMINIO
225;"2743";"PRODUCCION Y PRIMERA TRANSFORMACION DE PLOMO; CINC Y ESTAÑO"
226;"2744";PRODUCCION Y PRIMERA TRANSFORMACION DE COBRE
227;"2745";PRODUC. Y PRIMERA TRANSFORMACION DE OTROS METALES NO FERREOS
228;"2750";FUNDICION DE METALES
229;"2751";FUNDICION DE HIERRO
230;"2752";FUNDICION DE ACERO
231;"2753";FUNDICION DE METALES LIGEROS
232;"2754";FUNDICION DE OTROS METALES NO FERREOS
233;"2810";FABRICACION DE ELEMENTOS METALICOS PARA LA CONSTRUCCION
234;"2811";FABRICACION DE ESTRUCTURAS METALICAS Y SUS PARTES
235;"2812";FABRICACION DE CARPINTERIA METALICA
236;"2820";"FABRIC. DE CISTERNAS; GRANDES DEPOSITOS; RADIADORES;CALDERAS"
237;"2821";"FABRIC. CISTERNAS; GRANDES DEPOSITOS Y CONTENEDORES DE METAL"
238;"2822";FABRIC. DE RADIADORES Y CALDERAS PARA CALEFACCION CENTRAL
239;"2830";FABRICACION DE GENERADORES DE VAPOR
240;"2840";"FORJA; ESTAMPACION Y EMBUTICION DE METALES;METALURG.DE POLVO"
241;"2850";TRATAMIENTO Y REVESTIMIENTO DE METALES. INGENIERIA MECANICA
242;"2851";TRATAMIENTO Y REVESTIMIENTO DE METALES
243;"2852";INGENIERIA MECANICA GENERAL POR CUENTA DE TERCEROS
244;"2860";"FABRIC. ARTIC. DE CUCHILLERIA Y CUBERTERIA;HERRAM.;FERRETER."
245;"2861";FABRICACION DE ARTICULOS DE CUCHILLERIA Y CUBERTERIA
246;"2862";FAB. HERRAMIENTAS Y UTILES INTERCAMBIABLES MAQ. HERRAMIENTA.
247;"2863";FABRICACION DE CERRADURAS Y HERRAJES
248;"2870";"FABRICACION DE PRODUCTOS METALICOS DIVERSOS; EXCEPTO MUEBLES"
249;"2871";FABRICACION DE BIDONES Y TONELES DE HIERRO Y ACERO
250;"2872";"FABRICACION DE ENVASES Y EMBALAJES LIGEROS; EN METAL"
251;"2873";FABRICACION DE PRODUCTOS DE ALAMBRE
252;"2874";"FABRICACION DE PERNOS; TORNILLOS; CADENAS Y MUELLES"
253;"2875";FABRICACION DE OTROS PRODUCTOS METALICOS
254;"2910";"FABRICACION DE MAQUINAS; EQUIPO Y MATERIAL MECANICO"
255;"2911";"FAB. MOT. Y TURBINAS; EX. DEST. A AERONAVES; VEHIC.; CICLOM."
256;"2912";"FABRICACION DE BOMBAS; COMPRESORES Y SISTEMAS HIDRAULICOS"
257;"2913";FABRICACION DE VALVULAS Y GRIFERIA
258;"2914";"FABRIC. COJINETES; ENGRANAJES Y ORGANOS MECANICOS TRANSMIS."
259;"2920";"FABRIC.OTRA MAQUINARIA;EQUIPO Y MATERIAL MECANICO USO GENER."
260;"2921";FABRICACION DE HORNOS Y QUEMADORES
261;"2922";FABRICACION DE MAQUINARIA DE ELEVACION Y MANIPULACION
262;"2923";FABRIC. MAQUINARIA VENTILACION Y REFRIGERACION NO DOMESTICA
263;"2924";FABRICACION DE OTRA MAQUINARIA DE USO GENERAL
264;"2930";FABRICACION DE MAQUINARIA AGRARIA
265;"2931";FABRICACION DE TRACTORES AGRICOLAS
266;"2932";FABRICACION DE OTRA MAQUINARIA AGRARIA
267;"2940";FABRICACION DE MAQUINAS-HERRAMIENTA
268;"2950";FABRICACION DE MAQUINARIA DIVERSA PARA USOS ESPECIFICOS
269;"2951";FABRICACION DE MAQUINARIA PARA INDUSTRIA METALURGICA
270;"2952";FABRIC. MAQUINARIA PARA INDUSTRIAS EXTRACTIVAS Y CONSTRUC.
271;"2953";"FABRIC. MAQUINARIA INDUSTRIA ALIMENTACION; BEBIDAS Y TABACO"
272;"2954";"FABRIC. MAQUINARIA PARA INDUSTRIA TEXTIL; CONFECCION Y CUERO"
273;"2955";FABRIC. MAQUINARIA PARA LA INDUSTRIA DEL PAPEL Y DEL CARTON
274;"2956";FABRICACION DE OTRA MAQUINARIA PARA USOS ESPECIFICOS
275;"2960";FABRICACION DE ARMAS Y MUNICIONES
276;"2970";FABRICACION DE APARATOS DOMESTICOS
277;"2971";FABRICACION DE APARATOS ELECTRODOMESTICOS
278;"2972";FABRICACION DE APARATOS DOMESTICOS NO ELECTRICOS
279;"3000";FABRICACION DE MAQUINAS DE OFICINA Y EQUIPOS INFORMATICOS
280;"3001";FABRICACION DE MAQUINAS DE OFICINA
281;"3002";FABRICACION DE ORDENADORES Y EQUIPO INFORMATICO
282;"3110";"FABRIC. DE MOTORES ELECTRICOS; TRANSFORMADORES Y GENERADORES"
283;"3120";FABRICACION DE APARATOS DE DISTRIBUCION Y CONTROL ELECTRICOS
284;"3130";FABRICACION DE HILOS Y CABLES ELECTRICOS AISLADOS           
285;"3140";FABRICACION DE ACUMULADORES Y PILAS ELECTRICAS              
286;"3150";FABRICACION DE LAMPARAS ELECTRICAS Y APARATOS DE ILUMINACION
287;"3160";FABRICACION DE OTRO EQUIPO ELECTRICO
288;"3161";FABRIC. MATERIAL Y EQUIPO ELECTRICO PARA MOTORES Y VEHICULOS
289;"3162";FABRICACION DE OTRO EQUIPO Y MATERIAL ELECTRICO
290;"3210";"FABRICACION DE VALVULAS; TUBOS Y OTROS COMPONENTES ELECTRON.   "
291;"3220";"FABRIC. TRANSMISORES DE RADIODIFUSION; T.V. Y APARAT. TELEFONIA"
292;"3230";"FABRIC. APARATOS DE RECEPC.; GRABAC.Y REPRODUC. SONIDO E IMAG. "
293;"3310";FABRIC. EQUIPO E INSTRUM. MEDICO QUIRURGICOS Y APARAT. ORTOP.
294;"3320";"FABRIC. INSTRUM. Y APARATOS DE MEDIDA; VERIFICACION; CONTROL "
295;"3330";FABRICACION DE EQUIPO DE CONTROL DE PROCESOS INDUSTRIALES    
296;"3340";FABRIC. DE INSTRUMENTOS DE OPTICA Y DE EQUIPO FOTOGRAFICO    
297;"3350";FABRICACION DE RELOJES                                       
298;"3410";FABRICACION DE VEHICULOS DE MOTOR                              
299;"3420";"FABRIC. CARROCERIAS PARA VEHICULOS A MOTOR; REMOLQUES Y SEMIR. "
300;"3430";"FABRIC. DE PARTES; PIEZAS Y ACCES. NO ELECTR. PARA VEHIC. MOTOR"
301;"3510";CONSTRUCCION Y REPARACION NAVAL
302;"3511";CONSTRUC. Y REPARACION DE BARCOS (EXCEPTO RECREO Y DEPORTE)
303;"3512";CONSTRUCCION Y REPARACION EMBARCACIONES DE RECREO Y DEPORTE
304;"3520";FABRICACION DE MATERIAL FERROVIARIO
305;"3530";CONSTRUCCION AERONAUTICA Y ESPACIAL
306;"3540";FABRICACION DE MOTOCICLETAS Y BICICLETAS
307;"3541";FABRICACION DE MOTOCICLETAS
308;"3542";FABRICACION DE BICICLETAS
309;"3543";FABRICACION DE VEHICULOS PARA INVALIDOS
310;"3550";FABRICACION DE OTRO MATERIAL DE TRANSPORTE
311;"3610";FABRICACION DE MUEBLES
312;"3611";FABRICACION DE SILLAS Y OTROS ASIENTOS
313;"3612";FABRIC. MUEBLES DE OFICINA Y ESTABLECIMIENTOS COMERCIALES
314;"3613";FABRICACION DE MUEBLES COCINA Y BAÑO
315;"3614";FABRICACION DE OTROS MUEBLES
316;"3615";FABRICACION DE COLCHONES
317;"3620";"FABRIC. ARTICULOS DE JOYERIA; ORFEBRERIA; PLATERIA Y SIMILARES"
318;"3621";FABRICACION DE MONEDAS Y MEDALLAS
319;"3622";"FABRICACION DE ARTICULOS DE JOYERIA; ORFEBRERIA Y PLATERIA"
320;"3630";FABRICACION DE INSTRUMENTOS MUSICALES
321;"3640";FABRICACION DE ARTICULOS DE DEPORTE
322;"3650";FABRICACION DE JUEGOS Y JUGUETES
323;"3660";OTRAS INDUSTRIAS MANUFACTURERAS DIVERSAS
324;"3661";FABRICACION DE BISUTERIA
325;"3662";"FABRICACION DE ESCOBAS; BROCHAS Y CEPILLOS"
326;"3663";FABRICACION DE OTROS ARTICULOS
327;"3710";RECICLAJE DE CHATARRA Y DESECHOS DE METAL
328;"3720";RECICLAJE DE DESECHOS NO METALICOS       
329;"4010";PRODUCCION Y DISTRIBUCION DE ENERGIA ELECTRICA                 
330;"4020";PRODUC. DE GAS; DISTRIB. DE COMBUST. GASEOSOS EXCP. GASEODUCTOS
331;"4030";PRODUCCION Y DISTRIBUCION DE VAPOR Y AGUA CALIENTE             
332;"4100";"CAPTACION; DEPURACION Y DISTRIBUCION DE AGUA"
333;"4510";PREPARACION DE OBRAS
334;"4511";DEMOLICION Y MOVIMIENTO DE TIERRAS
335;"4512";PERFORACIONES Y SONDEOS
336;"4520";CONSTRUC. GENERAL DE INMUEBLES Y OBRAS DE INGENIERIA CIVIL
337;"4521";"CONSTRUC. GRAL. EDIF. Y OBRAS INGEN. CIVIL (PTES.; TUNELES)"
338;"4522";CONSTRUCCION DE CUBIERTAS Y DE ESTRUCTURAS DE CERRAMIENTO
339;"4523";"CONST. CARRET.; CAMPOS ATERRIZ.; VIAS FERREAS; CTROS. DEPOR."
340;"4524";OBRAS HIDRAULICAS
341;"4525";OTRAS CONSTRUCCIONES ESPECIALIZADAS
342;"4530";INSTALACIONES DE EDIFICIOS Y OBRAS
343;"4531";INSTALACIONES ELECTRICAS
344;"4532";"AISLAMIENTO TERMICO; ACUSTICO Y ANTIVIBRATORIO"
345;"4533";FONTANERIA E INSTALACION DE CLIMATIZACION
346;"4534";OTRAS INSTALACIONES DE EDIFICIOS Y OBRAS
348;"4541";REVOCAMIENTO
362;"5113";INTERMED. COMERCIO DE LA MADERA Y MATERIALES DE CONSTRUCCION
363;"5114";"INTERMED. COMERC. MAQUIN.; EQUIPO IND. EMBARCAC. Y AERONAVES"
364;"5115";"INTERMED. COMERCIO MUEBLES; ARTICULOS HOGAR Y FERRETERIA"
365;"5116";"INTERMED. COMERCIO TEX.; PRENDAS VESTIR; CALZ. Y ART. CUERO"
366;"5117";"INTERMED. COMERCIO PRODUCTOS ALIMENTICIOS; BEBIDAS Y TABACO"
367;"5118";INTERMED. COMERCIO ESP. VENTA PROD. ESPECIF. NO MENCIONADOS
368;"5119";INTERMEDIARIOS DEL COMERCIO DE PRODUCTOS DIVERSOS
369;"5120";COMERC.POR MAYOR DE MATERIAS PRIMAS AGRAR. Y ANIMALES VIVOS
370;"5121";"COMERC. MAYOR DE CEREALES; SIMIENTES Y ALIMENTOS PARA GANADO"
371;"5122";COMERCIO AL POR MAYOR DE FLORES Y PLANTAS
372;"5123";COMERCIO AL POR MAYOR DE ANIMALES VIVOS
373;"5124";COMERCIO AL POR MAYOR DE CUEROS Y PIELES
374;"5125";COMERCIO AL POR MAYOR DE TABACO EN RAMA
375;"5130";"COMERC.POR MAYOR DE PRODUCTOS ALIMENTICIOS; BEBIDAS Y TABACO"
376;"5131";"COMERCIO AL POR MAYOR DE FRUTAS; PATATAS Y VERDURAS"
377;"5132";COMERCIO AL POR MAYOR DE CARNE Y PRODUCTOS CARNICOS
378;"5133";"COMERC. MAYOR PROD. LACTEOS; HUEVOS; ACEITES Y GRASAS COMEST"
379;"5134";COMERCIO AL POR MAYOR DE BEBIDAS
380;"5135";COMERCIO AL POR MAYOR DE PRODUCTOS DEL TABACO
381;"5136";"COMERCIO AL POR MAYOR DE AZUCAR; CHOCOLATE Y CONFITERIA"
382;"5137";"COMERCIO AL POR MAYOR DE CAFE; TE; CACAO Y ESPECIAS"
383;"5138";COMERC. MAYOR PESCADOS Y MARISCOS Y OTROS PDTOS. ALIMENTIC.
384;"5139";"COMERC. MAYOR NO ESPECIALIZ.; PDTOS. ALIMENT. BEB. Y TABACO"
385;"5140";COMERC.POR MAYOR DE PRODUCTOS DE CONSUMO NO ALIMENTICIOS
386;"5141";COMERCIO AL POR MAYOR DE TEXTILES
387;"5142";COMERCIO AL POR MAYOR DE PRENDAS DE VESTIR Y CALZADO
388;"5143";COMERC. MAYOR APARATOS ELECTRODOM. Y APARAT. RADIO Y TELEV.
389;"5144";"COMERC. MAYOR PORCEL. Y CRISTAL.; PAPELES PINT. Y ART. LIMP."
390;"5145";COMERCIO AL POR MAYOR DE PERFUMERIA Y PRODUCTOS DE BELLEZA
391;"5146";COMERCIO AL POR MAYOR DE PRODUCTOS FARMACEUTICOS
392;"5147";COMERC. MAYOR OTROS BIENES CONSUMO DISTINTO ALIMENTACION
393;"5150";"COMERC.POR MAYOR DE PROD.NO AGRARIOS SEMIELABORADOS;CHATARRA"
394;"5151";"COMERC. MAYOR DE COMBUSTIB. SOLIDOS; LIQUIDOS Y GASEOSOS"
395;"5152";COMERCIO AL POR MAYOR DE METALES Y MINERALES METALICOS
396;"5153";"COMERC. MAYOR MADERA; MAT. CONSTRUCCION Y APARAT. SANITARIOS"
397;"5154";"COMERCIO AL POR MAYOR DE FERRETERIA;FONTANERIA Y CALEFACCION"
398;"5155";COMERCIO AL POR MAYOR DE PRODUCTOS QUIMICOS
399;"5156";COMERCIO AL POR MAYOR DE OTROS PRODUCTOS SEMIELABORADOS
400;"5157";COMERCIO AL POR MAYOR DE CHATARRA Y PRODUCTOS DE DESECHO
401;"5160";COMERCIO AL POR MAYOR DE MAQUINARIA Y EQUIPO
402;"5161";COMERCIO AL POR MAYOR DE MAQUINAS-HERRAMIENTAS
403;"5162";COMERCIO AL POR MAYOR DE MAQUINARIA PARA LA CONSTRUCCION
404;"5163";COMERC. MAYOR MAQUINARIA INDUSTRIA TEXTIL MAQ. COSER Y PUNTO
405;"5164";COMERCIO AL POR MAYOR DE MAQUINAS Y EQUIPO DE OFICINA
406;"5165";COMERC. MAYOR OTRA MAQUINARIA PARA LA INDUST. COM. Y NAVEG.
407;"5166";"COMERC. MAYOR MAQUINAS; ACCESORIOS Y UTILES AGRICOLAS"
408;"5170";OTRO COMERCIO AL POR MAYOR
409;"5210";COMERCIO AL POR MENOR EN ESTABLECIMIENTOS NO ESPECIALIZADOS
410;"5211";"COMERC. MENOR; ALIMENTOS;BEBIDAS Y TABACO EN ESTAB.NO ESPEC."
411;"5212";COMERC. MENOR OTROS PDTOS. ESTABLEC. NO ESPECIALIZADOS
412;"5220";"COMERC .POR MENOR DE ALIMENTOS;BEBIDAS Y TABACO EN ESTABL."
413;"5221";COMERCIO AL POR MENOR DE FRUTAS Y VERDURAS
414;"5222";COMERCIO AL POR MENOR DE CARNE Y PRODUCTOS CARNICOS
415;"5223";COMERCIO AL POR MENOR DE PESCADOS Y MARISCOS
416;"5224";"COMERC. MENOR PAN Y PROD. PANADERIA; CONFITERIA Y PASTELERIA"
417;"5225";COMERCIO AL POR MENOR DE BEBIDAS
418;"5226";COMERCIO AL POR MENOR DE PRODUCTOS DE TABACO
419;"5227";COMERC. MENOR EN ESTABL. ESPECIALIZ. EN ALIMENTACION
420;"5230";"COMERC.POR MENOR DE PROD.FARMACEUTICOS;ARTIC. BELLEZA; HIGIENE"
421;"5231";COMERCIO AL POR MENOR DE PRODUCTOS FARMACEUTICOS
422;"5232";COMERCIO AL POR MENOR DE ARTICULOS MEDICOS Y ORTOPEDICOS
423;"5233";COMERCIO AL POR MENOR DE COSMETICOS Y ARTICULOS DE TOCADOR
424;"5240";OTRO COMERC.POR MENOR DE ARTIC. NUEVOS EN ESTABL.ESPECIALIZ.
425;"5241";COMERCIO AL POR MENOR DE TEXTILES
426;"5242";COMERCIO AL POR MENOR DE PRENDAS DE VESTIR
427;"5243";COMERCIO AL POR MENOR DE CALZADO Y ARTICULOS DE CUERO
428;"5244";COMERC. MENOR MUEBLES; APARATOS ILUMINAC. Y OTROS ART. HOGAR
429;"5245";"COMERC. MENOR ELECTRODOMEST.; APARATOS RADIO; TV. Y SONIDO"
430;"5246";"COMERCIO AL POR MENOR DE FERRETERIA; PINTURAS Y VIDRIO"
431;"5247";"COMERCIO AL POR MENOR DE LIBROS; PERIODICOS Y PAPELERIA"
432;"5248";OTRO COMERCIO MENOR EN ESTABLECIMIENTOS ESPECIALIZADOS
433;"5250";COMERC.POR MENOR DE BIENES DE SEGUNDA MANO EN ESTABLECIMIEN.
434;"5260";COMERCIO AL POR MENOR NO REALIZADO EN ESTABLECIMIENTOS
435;"5261";COMERCIO AL POR MENOR POR CORRESPONDENCIA
436;"5262";COMERCIO AL POR MENOR EN PUESTOS DE VENTA Y MERCADILLOS
437;"5263";OTRO COMERCIO AL POR MENOR NO REALIZADO EN ESTABLECIMIENTOS
438;"5270";REPARACION DE EFECTOS PERSONALES Y ENSERES DOMESTICOS
439;"5271";REPARACION DE CALZADO Y OTROS ARTICULOS DE CUERO
440;"5272";REPARACION DE APARATOS DOMESTICOS ELECTRICOS
441;"5273";REPARACION DE RELOJES Y JOYERIA
442;"5274";OTRA REPARACION
443;"5510";HOTELES
444;"5511";"HOTELES; MOTELES; HOSTALES Y PENSIONES CON RESTAURANTE"
445;"5512";"HOTELES; MOTELES; HOSTALES Y PENSIONES SIN RESTAURANTE"
446;"5520";CAMPING Y OTROS TIPOS DE HOSPEDAJE DE CORTA DURACION
447;"5521";ALBERGUES JUVENILES Y REFUGIOS DE MONTAÑA
448;"5522";CAMPING
449;"5523";OTROS TIPOS DE HOSPEDAJE
450;"5530";RESTAURANTES
451;"5540";ESTABLECIMIENTOS DE BEBIDAS
452;"5550";COMEDORES COLECTIVOS Y PROVISION DE COMIDAS PREPARADAS
453;"5551";COMEDORES COLECTIVOS
454;"5552";PROVISION DE COMIDAS PREPARADAS
455;"6010";TRANSPORTE POR FERROCARRIL
456;"6020";OTROS TIPOS DE TRANSPORTE TERRESTRE
457;"6021";OTROS TIPOS DE TRANSPORTE TERRESTRE REGULAR DE VIAJEROS
458;"6022";TRANSPORTE POR TAXI
459;"6023";OTROS TIPOS DE TRANSPORTE TERRESTRE DISCRECIONAL DE VIAJEROS
460;"6024";TRANSPORTE DE MERCANCIAS POR CARRETERA
461;"6030";TRANSPORTE POR TUBERIA
347;"4540";ACABADO DE EDIFICIOS Y OBRAS
349;"4542";INSTALACIONES DE CARPINTERIA
350;"4543";REVESTIMIENTO DE SUELOS Y PAREDES
351;"4544";ACRISTALAMIENTO Y PINTURA
352;"4545";OTROS TRABAJOS DE ACABADO DE EDIFICIOS Y OBRAS
353;"4550";ALQUILER DE EQUIPO DE CONSTRUCCION O DEMOLICION DOTADO DE OP
354;"5010";VENTA DE VEHICULOS DE MOTOR                               
355;"5020";MANTENIMIENTO Y REPARACION DE VEHICULOS DE MOTOR          
356;"5030";VENTA DE REPUESTOS Y ACCESORIOS DE VEHICULOS DE MOTOR     
357;"5040";"VENTA; MANTENIM. REPARACION DE MOTOCICLETAS Y CICLOMOTORES"
358;"5050";VENTA AL POR MENOR DE CARBURANTES PARA LA AUTOMOCION      
359;"5110";INTERMEDIARIOS DEL COMERCIO
360;"5111";"INTERM. COM. MAT. PRIMAS AGRAR.; ANIMALES; MAT. PRIMAS TEX."
361;"5112";"INTERMED. COMERC. COMBUST.; MINERALES; MET. Y PDTOS. QUIMIC."
462;"6110";TRANSPORTE MARITIMO                              
463;"6120";TRANSPORTE POR VIAS DE NAVEGACION INTERIORES     
464;"6210";TRANSPORTE AEREO REGULAR     
465;"6220";TRANSPORTE AEREO DISCRECIONAL
466;"6230";TRANSPORTE ESPACIAL          
467;"6310";MANIPULACION Y DEPOSITO DE MERCANCIAS
468;"6311";MANIPULACION DE MERCANCIAS
469;"6312";DEPOSITO Y ALMACENAMIENTO
470;"6320";OTRAS ACTIVIDADES ANEXAS A LOS TRANSPORTES
471;"6321";OTRAS ACTIVIDADES ANEXAS AL TRANSPORTE TERRESTRE
472;"6322";OTRAS ACTIVIDADES ANEXAS AL TRANSPORTE MARITIMO
473;"6323";OTRAS ACTIVIDADES ANEXAS AL TRANSPORTE AEREO
474;"6330";"ACTIVID.DE AGENCIAS DE VIAJES; MAYOR. Y MINORIST. DE TURISMO"
475;"6340";ORGANIZACION DEL TRANSPORTE DE MERCANCIAS
476;"6410";ACTIVIDADES POSTALES Y DE CORREO
477;"6411";ACTIVIDADES POSTALES NACIONALES
478;"6412";ACTIV. CORREO DISTINTAS DE LAS ACTIV. POSTALES NACIONALES
479;"6420";TELECOMUNICACIONES
480;"6510";INTERMEDIACION MONETARIA
481;"6511";BANCA CENTRAL
482;"6512";OTROS TIPOS DE INTERMEDIACION MONETARIA
483;"6520";OTROS TIPOS DE INTERMEDIACION FINANCIERA
484;"6521";ARRENDAMIENTO FINANCIERO
485;"6522";OTROS TIPOS DE ACTIVIDADES CREDITICIAS
486;"6523";OTROS DIVERSOS TIPOS DE INTERMEDIACION FINANCIERA
487;"6600";"SEGUROS Y PLANES DE PENSIONES; EXCEPTO SEGUR. SOCIAL OBLIGAT."
488;"6601";SEGUROS DE VIDA
489;"6602";PLANES DE PENSIONES
490;"6603";SEGUROS NO VIDA
1007;"0114";CULTIVO DE CAÑA DE AZUCAR
1008;"0115";CULTIVO DE TABACO
1009;"0116";CULTIVO DE PLANTAS PARA FIBRAS TEXTILES
1010;"0119";OTROS CULTIVOS NO PERENNES
1012;"0121";CULTIVO DE LA VID
1013;"0122";CULTIVO DE FRUTOS TROPICALES Y SUBTROPICALES
1014;"0123";CULTIVO DE CITRICOS
1015;"0124";CULTIVO DE FRUTOS CON HUESO Y PEPITAS
1016;"0125";CULTIVO DE OTROS ARBOLES Y ARBUSTOS FRUTALES Y FRUTOS SECOS
1017;"0126";CULTIVO DE FRUTOS OLEAGINOSOS
1018;"0127";CULTIVO DE PLANTAS PARA BEBIDAS
1019;"0128";"CULTIVO DE ESPECIAS; PLANTAS AROMATICAS; MEDICINALES Y FARMACEUTICAS"
1020;"0129";OTROS CULTIVOS PERENNES
1022;"0130";PROPAGACION DE PLANTAS
1024;"0141";EXPLOTACION DE GANADO BOVINO PARA LA PRODUCCION DE LECHE
1025;"0142";EXPLOTACION DE OTRO GANADO BOVINO Y BUFALOS
1026;"0143";EXPLOTACION DE CABALLOS Y OTROS EQUINOS
1027;"0144";EXPLOTACION DE CAMELLOS Y OTROS CAMELIDOS
1028;"0145";EXPLOTACION DE GANADO OVINO Y CAPRINO
1029;"0146";EXPLOTACION DE GANADO PORCINO
1030;"0147";AVICULTURA
1031;"0149";OTRAS EXPLOTACIONES DE GANADO
1033;"0150";PRODUCCION AGRICOLA COMBINADA CON LA PRODUCCION GANADERA
1035;"0161";ACTIVIDADES DE APOYO A LA AGRICULTURA
1036;"0162";ACTIVIDADES DE APOYO A LA GANADERIA
1037;"0163";ACTIVIDADES DE PREPARACION POSTERIOR A LA COSECHA
1038;"0164";TRATAMIENTO DE SEMILLAS PARA REPRODUCCION
1040;"0170";"CAZA; CAPTURA DE ANIMALES Y SERVICIOS RELACIONADOS CON LAS MISMAS"
1043;"0210";SILVICULTURA Y OTRAS ACTIVIDADES FORESTALES
1045;"0220";EXPLOTACION DE LA MADERA
1047;"0230";"RECOLECCION DE PRODUCTOS SILVESTRES; EXCEPTO MADERA"
1049;"0240";SERVICIOS DE APOYO A LA SILVICULTURA
1052;"0311";PESCA MARINA
1053;"0312";PESCA EN AGUA DULCE
1055;"0321";ACUICULTURA MARINA
1056;"0322";ACUICULTURA EN AGUA DULCE
1060;"0510";EXTRACCION DE ANTRACITA Y HULLA
1062;"0520";EXTRACCION DE LIGNITO
1065;"0610";EXTRACCION DE CRUDO DE PETROLEO
1067;"0620";EXTRACCION DE GAS NATURAL
1070;"0710";EXTRACCION DE MINERALES DE HIERRO
1072;"0721";EXTRACCION DE MINERALES DE URANIO Y TORIO
1073;"0729";EXTRACCION DE OTROS MINERALES METALICOS NO FERREOS
1076;"0811";"EXTRACCION DE PIEDRA ORNAMENTAL Y PARA LA CONSTRUCCION; PIEDRA CALIZA; YESO; CRETA Y PIZARRA"
1077;"0812";EXTRACCION DE GRAVAS Y ARENAS; EXTRACCION DE ARCILLA Y CAOLIN
1079;"0891";EXTRACCION DE MINERALES PARA PRODUCTOS QUIMICOS Y FERTILIZANTES
1080;"0892";EXTRACCION DE TURBA
1081;"0893";EXTRACCION DE SAL
1082;"0899";OTRAS INDUSTRIAS EXTRACTIVAS N.C.O.P.
1085;"0910";ACTIVIDADES DE APOYO A LA EXTRACCION DE PETROLEO Y GAS NATURAL
1087;"0990";ACTIVIDADES DE APOYO A OTRAS INDUSTRIAS EXTRACTIVAS
1091;"1011";PROCESADO Y CONSERVACION DE CARNE
1092;"1012";PROCESADO Y CONSERVACION DE VOLATERIA
1093;"1013";ELABORACION DE PRODUCTOS CARNICOS Y DE VOLATERIA
1095;"1021";"PROCESADO DE PESCADOS; CRUSTACEOS Y MOLUSCOS"
1096;"1022";FABRICACION DE CONSERVAS DE PESCADO
1098;"1031";PROCESADO Y CONSERVACION DE PATATAS
1099;"1032";ELABORACION DE ZUMOS DE FRUTAS Y HORTALIZAS
1100;"1039";OTRO PROCESADO Y CONSERVACION DE FRUTAS Y HORTALIZAS
1102;"1042";FABRICACION DE MARGARINA Y GRASAS COMESTIBLES SIMILARES
1103;"1043";FABRICACION DE ACEITE DE OLIVA
1104;"1044";FABRICACION DE OTROS ACEITES Y GRASAS
1106;"1052";ELABORACION DE HELADOS
1107;"1053";FABRICACION DE QUESOS
1108;"1054";PREPARACION DE LECHE Y OTROS PRODUCTOS LACTEOS
1110;"1061";FABRICACION DE PRODUCTOS DE MOLINERIA
1111;"1062";FABRICACION DE ALMIDONES Y PRODUCTOS AMILACEOS
1113;"1071";FABRICACION DE PAN Y DE PRODUCTOS FRESCOS DE PANADERIA Y PASTELERIA
1114;"1072";FABRICACION DE GALLETAS Y PRODUCTOS DE PANADERIA Y PASTELERIA DE LARGA DURACION
1115;"1073";"FABRICACION DE PASTAS ALIMENTICIAS; CUSCUS Y PRODUCTOS SIMILARES"
1117;"1081";FABRICACION DE AZUCAR
1118;"1082";"FABRICACION DE CACAO; CHOCOLATE Y PRODUCTOS DE CONFITERIA"
1119;"1083";"ELABORACION DE CAFE; TE E INFUSIONES"
1120;"1084";"ELABORACION DE ESPECIAS; SALSAS Y CONDIMENTOS"
1121;"1085";ELABORACION DE PLATOS Y COMIDAS PREPARADOS
1122;"1086";ELABORACION DE PREPARADOS ALIMENTICIOS HOMOGENEIZADOS Y ALIMENTOS DIETETICOS
1123;"1089";ELABORACION DE OTROS PRODUCTOS ALIMENTICIOS N.C.O.P.
1125;"1091";FABRICACION DE PRODUCTOS PARA LA ALIMENTACION DE ANIMALES DE GRANJA
1126;"1092";FABRICACION DE PRODUCTOS PARA LA ALIMENTACION DE ANIMALES DE COMPAÑIA
1129;"1101";"DESTILACION; RECTIFICACION Y MEZCLA DE BEBIDAS ALCOHOLICAS"
1130;"1102";ELABORACION DE VINOS
1131;"1103";ELABORACION DE SIDRA Y OTRAS BEBIDAS FERMENTADAS A PARTIR DE FRUTAS
1132;"1104";"ELABORACION DE OTRAS BEBIDAS NO DESTILADAS; PROCEDENTES DE LA FERMENTACION"
1133;"1105";FABRICACION DE CERVEZA
1134;"1106";FABRICACION DE MALTA
1135;"1107";FABRICACION DE BEBIDAS NO ALCOHOLICAS; PRODUCCION DE AGUAS MINERALES Y OTRAS AGUAS EMBOTELLADAS
1138;"1200";INDUSTRIA DEL TABACO
1141;"1310";PREPARACION E HILADO DE FIBRAS TEXTILES
1143;"1320";FABRICACION DE TEJIDOS TEXTILES
1145;"1330";ACABADO DE TEXTILES
1147;"1391";FABRICACION DE TEJIDOS DE PUNTO
1148;"1392";"FABRICACION DE ARTICULOS CONFECCIONADOS CON TEXTILES; EXCEPTO PRENDAS DE VESTIR"
1149;"1393";FABRICACION DE ALFOMBRAS Y MOQUETAS
1150;"1394";"FABRICACION DE CUERDAS; CORDELES; BRAMANTES Y REDES"
1151;"1395";"FABRICACION DE TELAS NO TEJIDAS Y ARTICULOS CONFECCIONADOS CON ELLAS; EXCEPTO PRENDAS DE VESTIR"
1152;"1396";FABRICACION DE OTROS PRODUCTOS TEXTILES DE USO TECNICO E INDUSTRIAL
1153;"1399";FABRICACION DE OTROS PRODUCTOS TEXTILES N.C.O.P.
1156;"1411";CONFECCION DE PRENDAS DE VESTIR DE CUERO
1157;"1412";CONFECCION DE ROPA DE TRABAJO
1158;"1413";CONFECCION DE OTRAS PRENDAS DE VESTIR EXTERIORES
1159;"1414";CONFECCION DE ROPA INTERIOR
1160;"1419";CONFECCION DE OTRAS PRENDAS DE VESTIR Y ACCESORIOS
1162;"1420";FABRICACION DE ARTICULOS DE PELETERIA
1164;"1431";CONFECCION DE CALCETERIA
1165;"1439";CONFECCION DE OTRAS PRENDAS DE VESTIR DE PUNTO
1168;"1511";"PREPARACION; CURTIDO Y ACABADO DEL CUERO; PREPARACION Y TEÑIDO DE PIELES"
1169;"1512";"FABRICACION DE ARTICULOS DE MARROQUINERIA; VIAJE Y DE GUARNICIONERIA Y TALABARTERIA"
1171;"1520";FABRICACION DE CALZADO
1174;"1610";ASERRADO Y CEPILLADO DE LA MADERA
1176;"1621";FABRICACION DE CHAPAS Y TABLEROS DE MADERA
1177;"1622";FABRICACION DE SUELOS DE MADERA ENSAMBLADOS
1178;"1623";FABRICACION DE OTRAS ESTRUCTURAS DE MADERA Y PIEZAS DE CARPINTERIA Y EBANISTERIA PARA LA CONSTRUCCION
1179;"1624";FABRICACION DE ENVASES Y EMBALAJES DE MADERA
1180;"1629";"FABRICACION DE OTROS PRODUCTOS DE MADERA; ARTICULOS DE CORCHO; CESTERIA Y ESPARTERIA"
1183;"1711";FABRICACION DE PASTA PAPELERA
1184;"1712";FABRICACION DE PAPEL Y CARTON
1186;"1721";FABRICACION DE PAPEL Y CARTON ONDULADOS; FABRICACION DE ENVASES Y EMBALAJES DE PAPEL Y CARTON
1187;"1722";"FABRICACION DE ARTICULOS DE PAPEL Y CARTON PARA USO DOMESTICO; SANITARIO E HIGIENICO"
1625;"4782";"COMERCIO AL POR MENOR DE PRODUCTOS TEXTILES; PRENDAS DE VESTIR Y CALZADO EN PUESTOS DE VENTA Y EN MERCADILLOS"
1626;"4789";COMERCIO AL POR MENOR DE OTROS PRODUCTOS EN PUESTOS DE VENTA Y EN MERCADILLOS
1628;"4791";COMERCIO AL POR MENOR POR CORRESPONDENCIA O INTERNET
1629;"4799";"OTRO COMERCIO AL POR MENOR NO REALIZADO NI EN ESTABLECIMIENTOS; NI EN PUESTOS DE VENTA NI EN MERCADILLOS"
1633;"4910";TRANSPORTE INTERURBANO DE PASAJEROS POR FERROCARRIL
1635;"4920";TRANSPORTE DE MERCANCIAS POR FERROCARRIL
1637;"4931";TRANSPORTE TERRESTRE URBANO Y SUBURBANO DE PASAJEROS
1638;"4932";TRANSPORTE POR TAXI
1639;"4939";TIPOS DE TRANSPORTE TERRESTRE DE PASAJEROS N.C.O.P.
1641;"4941";TRANSPORTE DE MERCANCIAS POR CARRETERA
1642;"4942";SERVICIOS DE MUDANZA
1644;"4950";TRANSPORTE POR TUBERIA
1647;"5010";TRANSPORTE MARITIMO DE PASAJEROS
1649;"5020";TRANSPORTE MARITIMO DE MERCANCIAS
1651;"5030";TRANSPORTE DE PASAJEROS POR VIAS NAVEGABLES INTERIORES
1653;"5040";TRANSPORTE DE MERCANCIAS POR VIAS NAVEGABLES INTERIORES
1656;"5110";TRANSPORTE AEREO DE PASAJEROS
1658;"5121";TRANSPORTE AEREO DE MERCANCIAS
1659;"5122";TRANSPORTE ESPACIAL
1662;"5210";DEPOSITO Y ALMACENAMIENTO
1664;"5221";ACTIVIDADES ANEXAS AL TRANSPORTE TERRESTRE
1665;"5222";ACTIVIDADES ANEXAS AL TRANSPORTE MARITIMO Y POR VIAS NAVEGABLES INTERIORES
1666;"5223";ACTIVIDADES ANEXAS AL TRANSPORTE AEREO
1667;"5224";MANIPULACION DE MERCANCIAS
1668;"5229";OTRAS ACTIVIDADES ANEXAS AL TRANSPORTE
1671;"5310";ACTIVIDADES POSTALES SOMETIDAS A LA OBLIGACION DEL SERVICIO UNIVERSAL
1673;"5320";OTRAS ACTIVIDADES POSTALES Y DE CORREOS
1677;"5510";HOTELES Y ALOJAMIENTOS SIMILARES
1679;"5520";ALOJAMIENTOS TURISTICOS Y OTROS ALOJAMIENTOS DE CORTA ESTANCIA
1681;"5530";CAMPINGS Y APARCAMIENTOS PARA CARAVANAS
1683;"5590";OTROS ALOJAMIENTOS
1686;"5610";RESTAURANTES Y PUESTOS DE COMIDAS
1688;"5621";PROVISION DE COMIDAS PREPARADAS PARA EVENTOS
1689;"5629";OTROS SERVICIOS DE COMIDAS
1691;"5630";ESTABLECIMIENTOS DE BEBIDAS
1695;"5811";EDICION DE LIBROS
1696;"5812";EDICION DE DIRECTORIOS Y GUIAS DE DIRECCIONES POSTALES
1697;"5813";EDICION DE PERIODICOS
1698;"5814";EDICION DE REVISTAS
1699;"5819";OTRAS ACTIVIDADES EDITORIALES
1701;"5821";EDICION DE VIDEOJUEGOS
1702;"5829";EDICION DE OTROS PROGRAMAS INFORMATICOS
1705;"5912";"ACTIVIDADES DE POSTPRODUCCION CINEMATOGRAFICA; DE VIDEO Y DE PROGRAMAS DE TELEVISION"
1706;"5914";ACTIVIDADES DE EXHIBICION CINEMATOGRAFICA
1707;"5915";ACTIVIDADES DE PRODUCCION CINEMATOGRAFICA Y DE VIDEO
1708;"5916";ACTIVIDADES DE PRODUCCIONES DE PROGRAMAS DE TELEVISION
1709;"5917";ACTIVIDADES DE DISTRIBUCION CINEMATOGRAFICA Y DE VIDEO
1710;"5918";ACTIVIDADES DE DISTRIBUCION DE PROGRAMAS DE TELEVISION
1712;"5920";ACTIVIDADES DE GRABACION DE SONIDO Y EDICION MUSICAL
1715;"6010";ACTIVIDADES DE RADIODIFUSION
1717;"6020";ACTIVIDADES DE PROGRAMACION Y EMISION DE TELEVISION
1720;"6110";TELECOMUNICACIONES POR CABLE
1722;"6120";TELECOMUNICACIONES INALAMBRICAS
1724;"6130";TELECOMUNICACIONES POR SATELITE
1726;"6190";OTRAS ACTIVIDADES DE TELECOMUNICACIONES
1729;"6201";ACTIVIDADES DE PROGRAMACION INFORMATICA
1730;"6202";ACTIVIDADES DE CONSULTORIA INFORMATICA
1731;"6203";GESTION DE RECURSOS INFORMATICOS
1732;"6209";OTROS SERVICIOS RELACIONADOS CON LAS TECNOLOGIAS DE LA INFORMACION Y LA INFORMATICA
1735;"6311";"PROCESO DE DATOS; HOSTING Y ACTIVIDADES RELACIONADAS"
1736;"6312";PORTALES WEB
1738;"6391";ACTIVIDADES DE LAS AGENCIAS DE NOTICIAS
1739;"6399";OTROS SERVICIOS DE INFORMACION N.C.O.P.
1743;"6411";BANCO CENTRAL
1744;"6419";OTRA INTERMEDIACION MONETARIA
1746;"6420";ACTIVIDADES DE LAS SOCIEDADES HOLDING
1748;"6430";"INVERSION COLECTIVA; FONDOS Y ENTIDADES FINANCIERAS SIMILARES"
1750;"6491";ARRENDAMIENTO FINANCIERO
1751;"6492";OTRAS ACTIVIDADES CREDITICIAS
1752;"6499";"OTROS SERVICIOS FINANCIEROS; EXCEPTO SEGUROS Y FONDOS DE PENSIONES N.C.O.P."
1755;"6511";SEGUROS DE VIDA
1756;"6512";SEGUROS DISTINTOS DE LOS SEGUROS DE VIDA
1758;"6520";REASEGUROS
1760;"6530";FONDOS DE PENSIONES
1763;"6611";ADMINISTRACION DE MERCADOS FINANCIEROS
1764;"6612";ACTIVIDADES DE INTERMEDIACION EN OPERACIONES CON VALORES Y OTROS ACTIVOS
1765;"6619";"OTRAS ACTIVIDADES AUXILIARES A LOS SERVICIOS FINANCIEROS; EXCEPTO SEGUROS Y FONDOS DE PENSIONES"
1767;"6621";EVALUACION DE RIESGOS Y DAÑOS
1768;"6622";ACTIVIDADES DE AGENTES Y CORREDORES DE SEGUROS
1769;"6629";OTRAS ACTIVIDADES AUXILIARES A SEGUROS Y FONDOS DE PENSIONES
1771;"6630";ACTIVIDADES DE GESTION DE FONDOS
1775;"6810";COMPRAVENTA DE BIENES INMOBILIARIOS POR CUENTA PROPIA
1777;"6820";ALQUILER DE BIENES INMOBILIARIOS POR CUENTA PROPIA
1779;"6831";AGENTES DE LA PROPIEDAD INMOBILIARIA
1780;"6832";GESTION Y ADMINISTRACION DE LA PROPIEDAD INMOBILIARIA
1784;"6910";ACTIVIDADES JURIDICAS
1786;"6920";"ACTIVIDADES DE CONTABILIDAD; TENEDURIA DE LIBROS; AUDITORIA Y ASESORIA FISCAL"
1789;"7010";ACTIVIDADES DE LAS SEDES CENTRALES
1791;"7021";RELACIONES PUBLICAS Y COMUNICACION
1792;"7022";OTRAS ACTIVIDADES DE CONSULTORIA DE GESTION EMPRESARIAL
1795;"7111";SERVICIOS TECNICOS DE ARQUITECTURA
1796;"7112";SERVICIOS TECNICOS DE INGENIERIA Y OTRAS ACTIVIDADES RELACIONADAS CON EL ASESORAMIENTO TECNICO
1798;"7120";ENSAYOS Y ANALISIS TECNICOS
1801;"7211";INVESTIGACION Y DESARROLLO EXPERIMENTAL EN BIOTECNOLOGIA
1802;"7219";OTRA INVESTIGACION Y DESARROLLO EXPERIMENTAL EN CIENCIAS NATURALES Y TECNICAS
1804;"7220";INVESTIGACION Y DESARROLLO EXPERIMENTAL EN CIENCIAS SOCIALES Y HUMANIDADES
1807;"7311";AGENCIAS DE PUBLICIDAD
1808;"7312";SERVICIOS DE REPRESENTACION DE MEDIOS DE COMUNICACION
1810;"7320";ESTUDIO DE MERCADO Y REALIZACION DE ENCUESTAS DE OPINION PUBLICA
1813;"7410";ACTIVIDADES DE DISEÑO ESPECIALIZADO
1815;"7420";ACTIVIDADES DE FOTOGRAFIA
1817;"7430";ACTIVIDADES DE TRADUCCION E INTERPRETACION
1819;"7490";"OTRAS ACTIVIDADES PROFESIONALES; CIENTIFICAS Y TECNICAS N.C.O.P."
1822;"7500";ACTIVIDADES VETERINARIAS
1826;"7711";ALQUILER DE AUTOMOVILES Y VEHICULOS DE MOTOR LIGEROS
1827;"7712";ALQUILER DE CAMIONES
1829;"7721";ALQUILER DE ARTICULOS DE OCIO Y DEPORTIVOS
1830;"7722";ALQUILER DE CINTAS DE VIDEO Y DISCOS
1831;"7729";ALQUILER DE OTROS EFECTOS PERSONALES Y ARTICULOS DE USO DOMESTICO
1833;"7731";ALQUILER DE MAQUINARIA Y EQUIPO DE USO AGRICOLA
1834;"7732";ALQUILER DE MAQUINARIA Y EQUIPO PARA LA CONSTRUCCION E INGENIERIA CIVIL
1835;"7733";"ALQUILER DE MAQUINARIA Y EQUIPO DE OFICINA; INCLUIDOS ORDENADORES"
1836;"7734";ALQUILER DE MEDIOS DE NAVEGACION
1837;"7735";ALQUILER DE MEDIOS DE TRANSPORTE AEREO
1838;"7739";"ALQUILER DE OTRA MAQUINARIA; EQUIPOS Y BIENES TANGIBLES N.C.O.P."
1840;"7740";"ARRENDAMIENTO DE LA PROPIEDAD INTELECTUAL Y PRODUCTOS SIMILARES; EXCEPTO TRABAJOS PROTEGIDOS POR LOS DERECHOS DE AUTOR"
1843;"7810";ACTIVIDADES DE LAS AGENCIAS DE COLOCACION
1845;"7820";ACTIVIDADES DE LAS EMPRESAS DE TRABAJO TEMPORAL
1847;"7830";OTRA PROVISION DE RECURSOS HUMANOS
1850;"7911";ACTIVIDADES DE LAS AGENCIAS DE VIAJES
1851;"7912";ACTIVIDADES DE LOS OPERADORES TURISTICOS
1853;"7990";OTROS SERVICIOS DE RESERVAS Y ACTIVIDADES RELACIONADAS CON LOS MISMOS
1856;"8010";ACTIVIDADES DE SEGURIDAD PRIVADA
1858;"8020";SERVICIOS DE SISTEMAS DE SEGURIDAD
1860;"8030";ACTIVIDADES DE INVESTIGACION
1863;"8110";SERVICIOS INTEGRALES A EDIFICIOS E INSTALACIONES
1865;"8121";LIMPIEZA GENERAL DE EDIFICIOS
1866;"8122";OTRAS ACTIVIDADES DE LIMPIEZA INDUSTRIAL Y DE EDIFICIOS
1867;"8129";OTRAS ACTIVIDADES DE LIMPIEZA
1869;"8130";ACTIVIDADES DE JARDINERIA
1872;"8211";SERVICIOS ADMINISTRATIVOS COMBINADOS
1873;"8219";"ACTIVIDADES DE FOTOCOPIADO; PREPARACION DE DOCUMENTOS Y OTRAS ACTIVIDADES ESPECIALIZADAS DE OFICINA"
1875;"8220";ACTIVIDADES DE LOS CENTROS DE LLAMADAS
1877;"8230";ORGANIZACION DE CONVENCIONES Y FERIAS DE MUESTRAS
1879;"8291";ACTIVIDADES DE LAS AGENCIAS DE COBROS Y DE INFORMACION COMERCIAL
1880;"8292";ACTIVIDADES DE ENVASADO Y EMPAQUETADO
1881;"8299";OTRAS ACTIVIDADES DE APOYO A LAS EMPRESAS N.C.O.P.
1885;"8411";ACTIVIDADES GENERALES DE LA ADMINISTRACION PUBLICA
1886;"8412";"REGULACION DE LAS ACTIVIDADES SANITARIAS; EDUCATIVAS Y CULTURALES Y/O REGULACION DE LAS ACTIVIDADES SANITARIAS; EDUCATIVAS Y CULTURALES Y OTROS SERVICIOS SOCIALES; EXCEPTO SEGURIDAD SOCIAL"
1887;"8413";REGULACION DE LA ACTIVIDAD ECONOMICA Y CONTRIBUCION A SU MAYOR EFICIENCIA
1889;"8421";ASUNTOS EXTERIORES
1890;"8422";DEFENSA
1891;"8423";JUSTICIA
1892;"8424";ORDEN PUBLICO Y SEGURIDAD
1893;"8425";PROTECCION CIVIL
1895;"8430";SEGURIDAD SOCIAL OBLIGATORIA
1899;"8510";EDUCACION PREPRIMARIA
1901;"8520";EDUCACION PRIMARIA
1903;"8531";EDUCACION SECUNDARIA GENERAL
1904;"8532";EDUCACION SECUNDARIA TECNICA Y PROFESIONAL
1906;"8541";EDUCACION POSTSECUNDARIA NO TERCIARIA
1907;"8543";EDUCACION UNIVERSITARIA
1908;"8544";EDUCACION TERCIARIA NO UNIVERSITARIA
1910;"8551";EDUCACION DEPORTIVA Y RECREATIVA
1911;"8552";EDUCACION CULTURAL
1912;"8553";ACTIVIDADES DE LAS ESCUELAS DE CONDUCCION Y PILOTAJE
1913;"8559";OTRA EDUCACION N.C.O.P.
1915;"8560";ACTIVIDADES AUXILIARES A LA EDUCACION
1919;"8610";ACTIVIDADES HOSPITALARIAS
1921;"8621";ACTIVIDADES DE MEDICINA GENERAL
1922;"8622";ACTIVIDADES DE MEDICINA ESPECIALIZADA
1923;"8623";ACTIVIDADES ODONTOLOGICAS
1925;"8690";OTRAS ACTIVIDADES SANITARIAS
1928;"8710";ASISTENCIA EN ESTABLECIMIENTOS RESIDENCIALES CON CUIDADOS SANITARIOS
1930;"8720";"ASISTENCIA EN ESTABLECIMIENTOS RESIDENCIALES PARA PERSONAS CON DISCAPACIDAD INTELECTUAL; ENFERMEDAD MENTAL Y DROGODEPENDENCIA"
1932;"8731";ASISTENCIA EN ESTABLECIMIENTOS RESIDENCIALES PARA PERSONAS MAYORES
1933;"8732";ASISTENCIA EN ESTABLECIMIENTOS RESIDENCIALES PARA PERSONAS CON DISCAPACIDAD FISICA
1935;"8790";OTRAS ACTIVIDADES DE ASISTENCIA EN ESTABLECIMIENTOS RESIDENCIALES
1938;"8811";ACTIVIDADES DE SERVICIOS SOCIALES SIN ALOJAMIENTO PARA PERSONAS MAYORES
1939;"8812";ACTIVIDADES DE SERVICIOS SOCIALES SIN ALOJAMIENTO PARA PERSONAS CON DISCAPACIDAD
1941;"8891";ACTIVIDADES DE CUIDADO DIURNO DE NIÑOS
1942;"8899";OTROS ACTIVIDADES DE SERVICIOS SOCIALES SIN ALOJAMIENTO N.C.O.P.
1946;"9001";ARTES ESCENICAS
1947;"9002";ACTIVIDADES AUXILIARES A LAS ARTES ESCENICAS
1948;"9003";CREACION ARTISTICA Y LITERARIA
1949;"9004";GESTION DE SALAS DE ESPECTACULOS
1952;"9102";ACTIVIDADES DE MUSEOS
1953;"9103";GESTION DE LUGARES Y EDIFICIOS HISTORICOS
1954;"9104";"ACTIVIDADES DE LOS JARDINES BOTANICOS; PARQUES ZOOLOGICOS Y RESERVAS NATURALES"
1955;"9105";ACTIVIDADES DE BIBLIOTECAS
1956;"9106";ACTIVIDADES DE ARCHIVOS
1959;"9200";ACTIVIDADES DE JUEGOS DE AZAR Y APUESTAS
1962;"9311";GESTION DE INSTALACIONES DEPORTIVAS
1963;"9312";ACTIVIDADES DE LOS CLUBES DEPORTIVOS
1964;"9313";ACTIVIDADES DE LOS GIMNASIOS
1965;"9319";OTRAS ACTIVIDADES DEPORTIVAS
1967;"9321";ACTIVIDADES DE LOS PARQUES DE ATRACCIONES Y LOS PARQUES TEMATICOS
1968;"9329";OTRAS ACTIVIDADES RECREATIVAS Y DE ENTRETENIMIENTO
1972;"9411";ACTIVIDADES DE ORGANIZACIONES EMPRESARIALES Y PATRONALES
1973;"9412";ACTIVIDADES DE ORGANIZACIONES PROFESIONALES
1975;"9420";ACTIVIDADES SINDICALES
1977;"9491";ACTIVIDADES DE ORGANIZACIONES RELIGIOSAS
1978;"9492";ACTIVIDADES DE ORGANIZACIONES POLITICAS
1979;"9499";OTRAS ACTIVIDADES ASOCIATIVAS N.C.O.P.
1982;"9511";REPARACION DE ORDENADORES Y EQUIPOS PERIFERICOS
1983;"9512";REPARACION DE EQUIPOS DE COMUNICACION
1985;"9521";REPARACION DE APARATOS ELECTRONICOS DE AUDIO Y VIDEO DE USO DOMESTICO
1986;"9522";REPARACION DE APARATOS ELECTRODOMESTICOS Y DE EQUIPOS PARA EL HOGAR Y EL JARDIN
1987;"9523";REPARACION DE CALZADO Y ARTICULOS DE CUERO
1988;"9524";REPARACION DE MUEBLES Y ARTICULOS DE MENAJE
1989;"9525";REPARACION DE RELOJES Y JOYERIA
1990;"9529";REPARACION DE OTROS EFECTOS PERSONALES Y ARTICULOS DE USO DOMESTICO
1993;"9601";LAVADO Y LIMPIEZA DE PRENDAS TEXTILES Y DE PIEL
1994;"9602";PELUQUERIA Y OTROS TRATAMIENTOS DE BELLEZA
1995;"9603";POMPAS FUNEBRES Y ACTIVIDADES RELACIONADAS
1996;"9604";ACTIVIDADES DE MANTENIMIENTO FISICO
1997;"9609";OTRAS SERVICIOS PERSONALES N.C.O.P.
2001;"9700";ACTIVIDADES DE LOS HOGARES COMO EMPLEADORES DE PERSONAL DOMESTICO
2004;"9810";ACTIVIDADES DE LOS HOGARES COMO PRODUCTORES DE BIENES PARA USO PROPIO
2006;"9820";ACTIVIDADES DE LOS HOGARES COMO PRODUCTORES DE SERVICIOS PARA USO PROPIO
2010;"9900";ACTIVIDADES DE ORGANIZACIONES Y ORGANISMOS EXTRATERRITORIALES
2118;"257";"FABRICACION DE ARTICULOS DE CUCHILLERIA Y CUBERTERIA; HERRAMIENTAS Y FERRETERIA"
2119;"259";FABRICACION DE OTROS PRODUCTOS METALICOS
2120;"26";"FABRICACION DE PRODUCTOS INFORMATICOS; ELECTRONICOS Y OPTICOS"
2121;"261";FABRICACION DE COMPONENTES ELECTRONICOS Y CIRCUITOS IMPRESOS ENSAMBLADOS
2122;"262";FABRICACION DE ORDENADORES Y EQUIPOS PERIFERICOS
2123;"263";FABRICACION DE EQUIPOS DE TELECOMUNICACIONES
2124;"264";FABRICACION DE PRODUCTOS ELECTRONICOS DE CONSUMO
2125;"265";"FABRICACION DE INSTRUMENTOS Y APARATOS DE MEDIDA; VERIFICACION Y NAVEGACION; FABRICACION DE RELOJES"
2126;"266";"FABRICACION DE EQUIPOS DE RADIACION; ELECTROMEDICOS Y ELECTROTERAPEUTICOS"
2127;"267";FABRICACION DE INSTRUMENTOS DE OPTICA Y EQUIPO FOTOGRAFICO
2128;"268";FABRICACION DE SOPORTES MAGNETICOS Y OPTICOS
2129;"27";FABRICACION DE MATERIAL Y EQUIPO ELECTRICO
2130;"271";"FABRICACION DE MOTORES; GENERADORES Y TRANSFORMADORES ELECTRICOS; Y DE APARATOS DE DISTRIBUCION Y CONTROL ELECTRICO"
2131;"272";FABRICACION DE PILAS Y ACUMULADORES ELECTRICOS
2132;"273";FABRICACION DE CABLES Y DISPOSITIVOS DE CABLEADO
2133;"274";FABRICACION DE LAMPARAS Y APARATOS ELECTRICOS DE ILUMINACION
2134;"275";FABRICACION DE APARATOS DOMESTICOS
2135;"279";FABRICACION DE OTRO MATERIAL Y EQUIPO ELECTRICO
2136;"28";FABRICACION DE MAQUINARIA Y EQUIPO N.C.O.P.
2137;"281";FABRICACION DE MAQUINARIA DE USO GENERAL
2138;"282";FABRICACION DE OTRA MAQUINARIA DE USO GENERAL
2139;"283";FABRICACION DE MAQUINARIA AGRARIA Y FORESTAL
2140;"284";FABRICACION DE MAQUINAS HERRAMIENTA PARA TRABAJAR EL METAL Y OTRAS MAQUINAS HERRAMIENTA
2141;"289";FABRICACION DE OTRA MAQUINARIA PARA USOS ESPECIFICOS
2142;"29";"FABRICACION DE VEHICULOS DE MOTOR; REMOLQUES Y SEMIRREMOLQUES"
2143;"291";FABRICACION DE VEHICULOS DE MOTOR
2144;"292";FABRICACION DE CARROCERIAS PARA VEHICULOS DE MOTOR; FABRICACION DE REMOLQUES Y SEMIRREMOLQUES
2145;"293";"FABRICACION DE COMPONENTES; PIEZAS Y ACCESORIOS PARA VEHICULOS DE MOTOR"
2146;"30";FABRICACION DE OTRO MATERIAL DE TRANSPORTE
2147;"301";CONSTRUCCION NAVAL
2148;"302";FABRICACION DE LOCOMOTORAS Y MATERIAL FERROVIARIO
2149;"303";CONSTRUCCION AERONAUTICA Y ESPACIAL Y SU MAQUINARIA
2150;"304";FABRICACION DE VEHICULOS MILITARES DE COMBATE
2151;"309";FABRICACION DE OTRO MATERIAL DE TRANSPORTE N.C.O.P.
2152;"31";FABRICACION DE MUEBLES
2153;"310";FABRICACION DE MUEBLES
2154;"32";OTRAS INDUSTRIAS MANUFACTURERAS
2155;"321";"FABRICACION DE ARTICULOS DE JOYERIA; BISUTERIA Y SIMILARES"
2156;"322";FABRICACION DE INSTRUMENTOS MUSICALES
2157;"323";FABRICACION DE ARTICULOS DE DEPORTE
2158;"324";FABRICACION DE JUEGOS Y JUGUETES
2159;"325";FABRICACION DE INSTRUMENTOS Y SUMINISTROS MEDICOS Y ODONTOLOGICOS
2160;"329";INDUSTRIAS MANUFACTURERAS N.C.O.P.
2161;"33";REPARACION E INSTALACION DE MAQUINARIA Y EQUIPO
2162;"331";"REPARACION DE PRODUCTOS METALICOS; MAQUINARIA Y EQUIPO"
2163;"332";INSTALACION DE MAQUINAS Y EQUIPOS INDUSTRIALES
2164;D;"SUMINISTRO DE ENERGIA ELECTRICA; GAS; VAPOR Y AIRE ACONDICIONADO"
2165;"35";"SUMINISTRO DE ENERGIA ELECTRICA; GAS; VAPOR Y AIRE ACONDICIONADO"
2166;"351";"PRODUCCION; TRANSPORTE Y DISTRIBUCION DE ENERGIA ELECTRICA"
2167;"352";PRODUCCION DE GAS; DISTRIBUCION POR TUBERIA DE COMBUSTIBLES GASEOSOS
2168;"353";SUMINISTRO DE VAPOR Y AIRE ACONDICIONADO
2169;E;"SUMINISTRO DE AGUA; ACTIVIDADES DE SANEAMIENTO; GESTION DE RESIDUOS Y DESCONTAMINACION"
2170;"36";"CAPTACION; DEPURACION Y DISTRIBUCION DE AGUA"
2171;"360";"CAPTACION; DEPURACION Y DISTRIBUCION DE AGUA"
2172;"37";RECOGIDA Y TRATAMIENTO DE AGUAS RESIDUALES
2173;"370";RECOGIDA Y TRATAMIENTO DE AGUAS RESIDUALES
2174;"38";"RECOGIDA; TRATAMIENTO Y ELIMINACION DE RESIDUOS; VALORIZACION"
2175;"381";RECOGIDA DE RESIDUOS
2176;"382";TRATAMIENTO Y ELIMINACION DE RESIDUOS
2177;"383";VALORIZACION
2178;"39";ACTIVIDADES DE DESCONTAMINACION Y OTROS SERVICIOS DE GESTION DE RESIDUOS
2179;"390";ACTIVIDADES DE DESCONTAMINACION Y OTROS SERVICIOS DE GESTION DE RESIDUOS
2180;F;CONSTRUCCION
2181;"41";CONSTRUCCION DE EDIFICIOS
2182;"411";PROMOCION INMOBILIARIA
2183;"412";CONSTRUCCION DE EDIFICIOS
2184;"42";INGENIERIA CIVIL
2185;"421";"CONSTRUCCION DE CARRETERAS Y VIAS FERREAS; PUENTES Y TUNELES"
2186;"422";CONSTRUCCION DE REDES
2187;"429";CONSTRUCCION DE OTROS PROYECTOS DE INGENIERIA CIVIL
2188;"43";ACTIVIDADES DE CONSTRUCCION ESPECIALIZADA
2189;"431";DEMOLICION Y PREPARACION DE TERRENOS
2011;A;"AGRICULTURA; GANADERIA; SILVICULTURA Y PESCA"
2012;"01";"AGRICULTURA; GANADERIA; CAZA Y SERVICIOS RELACIONADOS CON LAS MISMAS"
2013;"011";CULTIVOS NO PERENNES
2014;"012";CULTIVOS PERENNES
2015;"013";PROPAGACION DE PLANTAS
2016;"014";PRODUCCION GANADERA
2017;"015";PRODUCCION AGRICOLA COMBINADA CON LA PRODUCCION GANADERA
2018;"016";"ACTIVIDADES DE APOYO A LA AGRICULTURA; A LA GANADERIA Y DE PREPARACION POSTERIOR A LA COSECHA"
2019;"017";"CAZA; CAPTURA DE ANIMALES Y SERVICIOS RELACIONADOS CON LAS MISMAS"
2020;"02";SILVICULTURA Y EXPLOTACION FORESTAL
2021;"021";SILVICULTURA Y OTRAS ACTIVIDADES FORESTALES
2022;"022";EXPLOTACION DE LA MADERA
2023;"023";"RECOLECCION DE PRODUCTOS SILVESTRES; EXCEPTO MADERA"
2024;"024";SERVICIOS DE APOYO A LA SILVICULTURA
2025;"03";PESCA Y ACUICULTURA
2026;"031";PESCA
2027;"032";ACUICULTURA
2028;B;INDUSTRIAS EXTRACTIVAS
2029;"05";"EXTRACCION DE ANTRACITA; HULLA Y LIGNITO"
2030;"051";EXTRACCION DE ANTRACITA Y HULLA
2031;"052";EXTRACCION DE LIGNITO
2032;"06";EXTRACCION DE CRUDO DE PETROLEO Y GAS NATURAL
2033;"061";EXTRACCION DE CRUDO DE PETROLEO
2034;"062";EXTRACCION DE GAS NATURAL
2035;"07";EXTRACCION DE MINERALES METALICOS
2036;"071";EXTRACCION DE MINERALES DE HIERRO
2037;"072";EXTRACCION DE MINERALES METALICOS NO FERREOS
2038;"08";OTRAS INDUSTRIAS EXTRACTIVAS
2039;"081";"EXTRACCION DE PIEDRA; ARENA Y ARCILLA"
2040;"089";INDUSTRIAS EXTRACTIVAS N.C.O.P.
2041;"09";ACTIVIDADES DE APOYO A LAS INDUSTRIAS EXTRACTIVAS
2042;"091";ACTIVIDADES DE APOYO A LA EXTRACCION DE PETROLEO Y GAS NATURAL
2043;"099";ACTIVIDADES DE APOYO A OTRAS INDUSTRIAS EXTRACTIVAS
2044;C;INDUSTRIA MANUFACTURERA
2045;"10";INDUSTRIA DE LA ALIMENTACION
2046;"101";PROCESADO Y CONSERVACION DE CARNE Y ELABORACION DE PRODUCTOS CARNICOS
2047;"102";"PROCESADO Y CONSERVACION DE PESCADOS; CRUSTACEOS Y MOLUSCOS"
2048;"103";PROCESADO Y CONSERVACION DE FRUTAS Y HORTALIZAS
2049;"104";FABRICACION DE ACEITES Y GRASAS VEGETALES Y ANIMALES
2050;"105";FABRICACION DE PRODUCTOS LACTEOS
2051;"106";"FABRICACION DE PRODUCTOS DE MOLINERIA; ALMIDONES Y PRODUCTOS AMILACEOS"
2052;"107";FABRICACION DE PRODUCTOS DE PANADERIA Y PASTAS ALIMENTICIAS
2053;"108";FABRICACION DE OTROS PRODUCTOS ALIMENTICIOS
2054;"109";FABRICACION DE PRODUCTOS PARA LA ALIMENTACION ANIMAL
2055;"11";FABRICACION DE BEBIDAS
2056;"110";FABRICACION DE BEBIDAS
2057;"12";INDUSTRIA DEL TABACO
2058;"120";INDUSTRIA DEL TABACO
2059;"13";INDUSTRIA TEXTIL
2060;"131";PREPARACION E HILADO DE FIBRAS TEXTILES
2061;"132";FABRICACION DE TEJIDOS TEXTILES
2062;"133";ACABADO DE TEXTILES
2063;"139";FABRICACION DE OTROS PRODUCTOS TEXTILES
2064;"14";CONFECCION DE PRENDAS DE VESTIR
2065;"141";"CONFECCION DE PRENDAS DE VESTIR; EXCEPTO DE PELETERIA"
2066;"142";FABRICACION DE ARTICULOS DE PELETERIA
2067;"143";CONFECCION DE PRENDAS DE VESTIR DE PUNTO
2068;"15";INDUSTRIA DEL CUERO Y DEL CALZADO
2069;"151";"PREPARACION; CURTIDO Y ACABADO DEL CUERO; FABRICACION DE ARTICULOS DE MARROQUINERIA; VIAJE Y DE GUARNICIONERIA Y TALABARTERIA; PREPARACION Y TEÑIDO DE PIELES"
2070;"152";FABRICACION DE CALZADO
2071;"16";"INDUSTRIA DE LA MADERA Y DEL CORCHO; EXCEPTO MUEBLES; CESTERIA Y ESPARTERIA"
2072;"161";ASERRADO Y CEPILLADO DE LA MADERA
2073;"162";"FABRICACION DE PRODUCTOS DE MADERA; CORCHO; CESTERIA Y ESPARTERIA"
2074;"17";INDUSTRIA DEL PAPEL
2075;"171";"FABRICACION DE PASTA PAPELERA; PAPEL Y CARTON"
2076;"172";FABRICACION DE ARTICULOS DE PAPEL Y DE CARTON
2077;"18";ARTES GRAFICAS Y REPRODUCCION DE SOPORTES GRABADOS
2078;"181";ARTES GRAFICAS Y SERVICIOS RELACIONADOS CON LAS MISMAS
2079;"182";REPRODUCCION DE SOPORTES GRABADOS
2080;"19";COQUERIAS Y REFINO DE PETROLEO
2081;"191";COQUERIAS
2082;"192";REFINO DE PETROLEO
2083;"20";INDUSTRIA QUIMICA
2084;"201";"FABRICACION DE PRODUCTOS QUIMICOS BASICOS; COMPUESTOS NITROGENADOS; FERTILIZANTES; PLASTICOS Y CAUCHO SINTETICO EN FORMAS PRIMARIAS"
2085;"202";FABRICACION DE PESTICIDAS Y OTROS PRODUCTOS AGROQUIMICOS
2086;"203";"FABRICACION DE PINTURAS; BARNICES Y REVESTIMIENTOS SIMILARES; TINTAS DE IMPRENTA Y MASILLAS"
2087;"204";"FABRICACION DE JABONES; DETERGENTES Y OTROS ARTICULOS DE LIMPIEZA Y ABRILLANTAMIENTO; FABRICACION DE PERFUMES Y COSMETICOS"
2088;"205";FABRICACION DE OTROS PRODUCTOS QUIMICOS
2089;"206";FABRICACION DE FIBRAS ARTIFICIALES Y SINTETICAS
2090;"21";FABRICACION DE PRODUCTOS FARMACEUTICOS
2091;"211";FABRICACION DE PRODUCTOS FARMACEUTICOS DE BASE
2092;"212";FABRICACION DE ESPECIALIDADES FARMACEUTICAS
2093;"22";FABRICACION DE PRODUCTOS DE CAUCHO Y PLASTICOS
2094;"221";FABRICACION DE PRODUCTOS DE CAUCHO
2095;"222";FABRICACION DE PRODUCTOS DE PLASTICO
2096;"23";FABRICACION DE OTROS PRODUCTOS MINERALES NO METALICOS
2097;"231";FABRICACION DE VIDRIO Y PRODUCTOS DE VIDRIO
2098;"232";FABRICACION DE PRODUCTOS CERAMICOS REFRACTARIOS
2099;"233";FABRICACION DE PRODUCTOS CERAMICOS PARA LA CONSTRUCCION
2100;"234";FABRICACION DE OTROS PRODUCTOS CERAMICOS
2101;"235";"FABRICACION DE CEMENTO; CAL Y YESO"
2102;"236";"FABRICACION DE ELEMENTOS DE HORMIGON; CEMENTO Y YESO"
2103;"237";"CORTE; TALLADO Y ACABADO DE LA PIEDRA"
2104;"239";FABRICACION DE PRODUCTOS ABRASIVOS Y PRODUCTOS MINERALES NO METALICOS N.C.O.P.
2105;"24";"METALURGIA; FABRICACION DE PRODUCTOS DE HIERRO; ACERO Y FERROALEACIONES"
2106;"241";"FABRICACION DE PRODUCTOS BASICOS DE HIERRO; ACERO Y FERROALEACIONES"
2107;"242";"FABRICACION DE TUBOS; TUBERIAS; PERFILES HUECOS Y SUS ACCESORIOS; DE ACERO"
2108;"243";FABRICACION DE OTROS PRODUCTOS DE PRIMERA TRANSFORMACION DEL ACERO
2109;"244";PRODUCCION DE METALES PRECIOSOS Y DE OTROS METALES NO FERREOS
2110;"245";FUNDICION DE METALES
2111;"25";"FABRICACION DE PRODUCTOS METALICOS; EXCEPTO MAQUINARIA Y EQUIPO"
2112;"251";FABRICACION DE ELEMENTOS METALICOS PARA LA CONSTRUCCION
2113;"252";"FABRICACION DE CISTERNAS; GRANDES DEPOSITOS Y CONTENEDORES DE METAL"
2114;"253";"FABRICACION DE GENERADORES DE VAPOR; EXCEPTO CALDERAS DE CALEFACCION CENTRAL"
2115;"254";FABRICACION DE ARMAS Y MUNICIONES
2116;"255";"FORJA; ESTAMPACION Y EMBUTICION DE METALES; METALURGIA DE POLVOS"
2117;"256";TRATAMIENTO Y REVESTIMIENTO DE METALES; INGENIERIA MECANICA POR CUENTA DE TERCEROS
1188;"1723";FABRICACION DE ARTICULOS DE PAPELERIA
1189;"1724";FABRICACION DE PAPELES PINTADOS
1190;"1729";FABRICACION DE OTROS ARTICULOS DE PAPEL Y CARTON
1193;"1811";ARTES GRAFICAS Y SERVICIOS RELACIONADOS CON LAS MISMAS
1194;"1812";OTRAS ACTIVIDADES DE IMPRESION Y ARTES GRAFICAS
1195;"1813";SERVICIOS DE PREIMPRESION Y PREPARACION DE SOPORTES
1196;"1814";ENCUADERNACION Y SERVICIOS RELACIONADOS CON LA MISMA
1198;"1820";REPRODUCCION DE SOPORTES GRABADOS
1201;"1910";COQUERIAS
1203;"1920";REFINO DE PETROLEO
1206;"2011";FABRICACION DE GASES INDUSTRIALES
1207;"2012";FABRICACION DE COLORANTES Y PIGMENTOS
1208;"2013";FABRICACION DE OTROS PRODUCTOS BASICOS DE QUIMICA INORGANICA
1209;"2014";FABRICACION DE OTROS PRODUCTOS BASICOS DE QUIMICA ORGANICA
1210;"2015";FABRICACION DE FERTILIZANTES Y COMPUESTOS NITROGENADOS
1211;"2016";FABRICACION DE PLASTICOS EN FORMAS PRIMARIAS
1212;"2017";FABRICACION DE CAUCHO SINTETICO EN FORMAS PRIMARIAS
1214;"2020";FABRICACION DE PESTICIDAS Y OTROS PRODUCTOS AGROQUIMICOS
1216;"2030";"FABRICACION DE PINTURAS; BARNICES Y REVESTIMIENTOS SIMILARES; TINTAS DE IMPRENTA Y MASILLAS"
1218;"2041";"FABRICACION DE JABONES; DETERGENTES Y OTROS ARTICULOS DE LIMPIEZA Y ABRILLANTAMIENTO"
1219;"2042";FABRICACION DE PERFUMES Y COSMETICOS
1221;"2051";FABRICACION DE EXPLOSIVOS
1222;"2052";FABRICACION DE COLAS
1223;"2053";FABRICACION DE ACEITES ESENCIALES
1224;"2059";FABRICACION DE OTROS PRODUCTOS QUIMICOS N.C.O.P.
1226;"2060";FABRICACION DE FIBRAS ARTIFICIALES Y SINTETICAS
1229;"2110";FABRICACION DE PRODUCTOS FARMACEUTICOS DE BASE
1231;"2120";FABRICACION DE ESPECIALIDADES FARMACEUTICAS
1234;"2211";FABRICACION DE NEUMATICOS Y CAMARAS DE CAUCHO; RECONSTRUCCION Y RECAUCHUTADO DE NEUMATICOS
1235;"2219";FABRICACION DE OTROS PRODUCTOS DE CAUCHO
1237;"2221";"FABRICACION DE PLACAS; HOJAS; TUBOS Y PERFILES DE PLASTICO"
1238;"2222";FABRICACION DE ENVASES Y EMBALAJES DE PLASTICO
1239;"2223";FABRICACION DE PRODUCTOS DE PLASTICO PARA LA CONSTRUCCION
1240;"2229";FABRICACION DE OTROS PRODUCTOS DE PLASTICO
1243;"2311";FABRICACION DE VIDRIO PLANO
1244;"2312";MANIPULADO Y TRANSFORMACION DE VIDRIO PLANO
1245;"2313";FABRICACION DE VIDRIO HUECO
1246;"2314";FABRICACION DE FIBRA DE VIDRIO
1247;"2319";"FABRICACION Y MANIPULADO DE OTRO VIDRIO; INCLUIDO EL VIDRIO TECNICO"
1249;"2320";FABRICACION DE PRODUCTOS CERAMICOS REFRACTARIOS
1251;"2331";FABRICACION DE AZULEJOS Y BALDOSAS DE CERAMICA
1252;"2332";"FABRICACION DE LADRILLOS; TEJAS Y PRODUCTOS DE TIERRAS COCIDAS PARA LA CONSTRUCCION"
1254;"2341";FABRICACION DE ARTICULOS CERAMICOS DE USO DOMESTICO Y ORNAMENTAL
1255;"2342";FABRICACION DE APARATOS SANITARIOS CERAMICOS
1256;"2343";FABRICACION DE AISLADORES Y PIEZAS AISLANTES DE MATERIAL CERAMICO
1257;"2344";FABRICACION DE OTROS PRODUCTOS CERAMICOS DE USO TECNICO
1258;"2349";FABRICACION DE OTROS PRODUCTOS CERAMICOS
1260;"2351";FABRICACION DE CEMENTO
1261;"2352";FABRICACION DE CAL Y YESO
1263;"2361";FABRICACION DE ELEMENTOS DE HORMIGON PARA LA CONSTRUCCION
1264;"2362";FABRICACION DE ELEMENTOS DE YESO PARA LA CONSTRUCCION
1265;"2363";FABRICACION DE HORMIGON FRESCO
1266;"2364";FABRICACION DE MORTERO
1267;"2365";FABRICACION DE FIBROCEMENTO
1268;"2369";"FABRICACION DE OTROS PRODUCTOS DE HORMIGON; YESO Y CEMENTO"
1270;"2370";"CORTE; TALLADO Y ACABADO DE LA PIEDRA"
1272;"2391";FABRICACION DE PRODUCTOS ABRASIVOS
1273;"2399";FABRICACION DE OTROS PRODUCTOS MINERALES NO METALICOS N.C.O.P.
1276;"2410";"FABRICACION DE PRODUCTOS BASICOS DE HIERRO; ACERO Y FERROALEACIONES"
1278;"2420";"FABRICACION DE TUBOS; TUBERIAS; PERFILES HUECOS Y SUS ACCESORIOS; DE ACERO"
1280;"2431";ESTIRADO EN FRIO
1281;"2432";LAMINACION EN FRIO
1282;"2433";PRODUCCION DE PERFILES EN FRIO POR CONFORMACION CON PLEGADO
1283;"2434";TREFILADO EN FRIO
1285;"2441";PRODUCCION DE METALES PRECIOSOS
1286;"2442";PRODUCCION DE ALUMINIO
1287;"2443";"PRODUCCION DE PLOMO; ZINC Y ESTAÑO"
1288;"2444";PRODUCCION DE COBRE
1289;"2445";PRODUCCION DE OTROS METALES NO FERREOS
1290;"2446";PROCESAMIENTO DE COMBUSTIBLES NUCLEARES
1292;"2451";FUNDICION DE HIERRO
1293;"2452";FUNDICION DE ACERO
1294;"2453";FUNDICION DE METALES LIGEROS
1295;"2454";FUNDICION DE OTROS METALES NO FERREOS
1298;"2511";FABRICACION DE ESTRUCTURAS METALICAS Y SUS COMPONENTES
1299;"2512";FABRICACION DE CARPINTERIA METALICA
1301;"2521";FABRICACION DE RADIADORES Y CALDERAS PARA CALEFACCION CENTRAL
1302;"2529";"FABRICACION DE OTRAS CISTERNAS; GRANDES DEPOSITOS Y CONTENEDORES DE METAL"
1304;"2530";"FABRICACION DE GENERADORES DE VAPOR; EXCEPTO CALDERAS DE CALEFACCION CENTRAL"
1306;"2540";FABRICACION DE ARMAS Y MUNICIONES
1308;"2550";"FORJA; ESTAMPACION Y EMBUTICION DE METALES; METALURGIA DE POLVOS"
1310;"2561";TRATAMIENTO Y REVESTIMIENTO DE METALES
1311;"2562";INGENIERIA MECANICA POR CUENTA DE TERCEROS
1313;"2571";FABRICACION DE ARTICULOS DE CUCHILLERIA Y CUBERTERIA
1314;"2572";FABRICACION DE CERRADURAS Y HERRAJES
1315;"2573";FABRICACION DE HERRAMIENTAS
1317;"2591";FABRICACION DE BIDONES Y TONELES DE HIERRO O ACERO
1318;"2592";FABRICACION DE ENVASES Y EMBALAJES METALICOS LIGEROS
1319;"2593";"FABRICACION DE PRODUCTOS DE ALAMBRE; CADENAS Y MUELLES"
1320;"2594";FABRICACION DE PERNOS Y PRODUCTOS DE TORNILLERIA
1321;"2599";FABRICACION DE OTROS PRODUCTOS METALICOS N.C.O.P.
1324;"2611";FABRICACION DE COMPONENTES ELECTRONICOS
1325;"2612";FABRICACION DE CIRCUITOS IMPRESOS ENSAMBLADOS
1327;"2620";FABRICACION DE ORDENADORES Y EQUIPOS PERIFERICOS
1329;"2630";FABRICACION DE EQUIPOS DE TELECOMUNICACIONES
1331;"2640";FABRICACION DE PRODUCTOS ELECTRONICOS DE CONSUMO
1333;"2651";"FABRICACION DE INSTRUMENTOS Y APARATOS DE MEDIDA; VERIFICACION Y NAVEGACION"
1334;"2652";FABRICACION DE RELOJES
1336;"2660";"FABRICACION DE EQUIPOS DE RADIACION; ELECTROMEDICOS Y ELECTROTERAPEUTICOS"
1338;"2670";FABRICACION DE INSTRUMENTOS DE OPTICA Y EQUIPO FOTOGRAFICO
1340;"2680";FABRICACION DE SOPORTES MAGNETICOS Y OPTICOS
1343;"2711";"FABRICACION DE MOTORES; GENERADORES Y TRANSFORMADORES ELECTRICOS"
1344;"2712";FABRICACION DE APARATOS DE DISTRIBUCION Y CONTROL ELECTRICO
1346;"2720";FABRICACION DE PILAS Y ACUMULADORES ELECTRICOS
1348;"2731";FABRICACION DE CABLES DE FIBRA OPTICA
1349;"2732";FABRICACION DE OTROS HILOS Y CABLES ELECTRONICOS Y ELECTRICOS
1350;"2733";FABRICACION DE DISPOSITIVOS DE CABLEADO
1352;"2740";FABRICACION DE LAMPARAS Y APARATOS ELECTRICOS DE ILUMINACION
1354;"2751";FABRICACION DE ELECTRODOMESTICOS
1355;"2752";FABRICACION DE APARATOS DOMESTICOS NO ELECTRICOS
1357;"2790";FABRICACION DE OTRO MATERIAL Y EQUIPO ELECTRICO
1360;"2811";"FABRICACION DE MOTORES Y TURBINAS; EXCEPTO LOS DESTINADOS A AERONAVES; VEHICULOS AUTOMOVILES Y CICLOMOTORES"
1361;"2812";FABRICACION DE EQUIPOS DE TRANSMISION HIDRAULICA Y NEUMATICA
1362;"2813";FABRICACION DE OTRAS BOMBAS Y COMPRESORES
1363;"2814";FABRICACION DE OTRA GRIFERIA Y VALVULAS
1364;"2815";"FABRICACION DE COJINETES; ENGRANAJES Y ORGANOS MECANICOS DE TRANSMISION"
1366;"2821";FABRICACION DE HORNOS Y QUEMADORES
1367;"2822";FABRICACION DE MAQUINARIA DE ELEVACION Y MANIPULACION
1368;"2823";"FABRICACION DE MAQUINAS Y EQUIPOS DE OFICINA; EXCEPTO EQUIPOS INFORMATICOS"
1369;"2824";FABRICACION DE HERRAMIENTAS ELECTRICAS MANUALES
1370;"2825";FABRICACION DE MAQUINARIA DE VENTILACION Y REFRIGERACION NO DOMESTICA
1371;"2829";FABRICACION DE OTRA MAQUINARIA DE USO GENERAL N.C.O.P.
1373;"2830";FABRICACION DE MAQUINARIA AGRARIA Y FORESTAL
1375;"2841";FABRICACION DE MAQUINAS HERRAMIENTA PARA TRABAJAR EL METAL
1376;"2849";FABRICACION DE OTRAS MAQUINAS HERRAMIENTA
1378;"2891";FABRICACION DE MAQUINARIA PARA LA INDUSTRIA METALURGICA
1379;"2892";FABRICACION DE MAQUINARIA PARA LAS INDUSTRIAS EXTRACTIVAS Y DE LA CONSTRUCCION
1380;"2893";"FABRICACION DE MAQUINARIA PARA LA INDUSTRIA DE LA ALIMENTACION; BEBIDAS Y TABACO"
1381;"2894";"FABRICACION DE MAQUINARIA PARA LAS INDUSTRIAS TEXTIL; DE LA CONFECCION Y DEL CUERO"
1382;"2895";FABRICACION DE MAQUINARIA PARA LA INDUSTRIA DEL PAPEL Y DEL CARTON
1383;"2896";FABRICACION DE MAQUINARIA PARA LA INDUSTRIA DEL PLASTICO Y EL CAUCHO
1384;"2899";FABRICACION DE OTRA MAQUINARIA PARA USOS ESPECIFICOS N.C.O.P.
1387;"2910";FABRICACION DE VEHICULOS DE MOTOR
1389;"2920";FABRICACION DE CARROCERIAS PARA VEHICULOS DE MOTOR; FABRICACION DE REMOLQUES Y SEMIRREMOLQUES
1391;"2931";FABRICACION DE EQUIPOS ELECTRICOS Y ELECTRONICOS PARA VEHICULOS DE MOTOR
1392;"2932";"FABRICACION DE OTROS COMPONENTES; PIEZAS Y ACCESORIOS PARA VEHICULOS DE MOTOR"
1395;"3011";CONSTRUCCION DE BARCOS Y ESTRUCTURAS FLOTANTES
1396;"3012";CONSTRUCCION DE EMBARCACIONES DE RECREO Y DEPORTE
1398;"3020";FABRICACION DE LOCOMOTORAS Y MATERIAL FERROVIARIO
1400;"3030";CONSTRUCCION AERONAUTICA Y ESPACIAL Y SU MAQUINARIA
1402;"3040";FABRICACION DE VEHICULOS MILITARES DE COMBATE
1404;"3091";FABRICACION DE MOTOCICLETAS
1405;"3092";FABRICACION DE BICICLETAS Y DE VEHICULOS PARA PERSONAS CON DISCAPACIDAD
1406;"3099";FABRICACION DE OTRO MATERIAL DE TRANSPORTE N.C.O.P.
1409;"3101";FABRICACION DE MUEBLES DE OFICINA Y DE ESTABLECIMIENTOS COMERCIALES
1410;"3102";FABRICACION DE MUEBLES DE COCINA
1411;"3103";FABRICACION DE COLCHONES
1412;"3109";FABRICACION DE OTROS MUEBLES
1415;"3211";FABRICACION DE MONEDAS
1416;"3212";FABRICACION DE ARTICULOS DE JOYERIA Y ARTICULOS SIMILARES
1417;"3213";FABRICACION DE ARTICULOS DE BISUTERIA Y ARTICULOS SIMILARES
1419;"3220";FABRICACION DE INSTRUMENTOS MUSICALES
1421;"3230";FABRICACION DE ARTICULOS DE DEPORTE
1423;"3240";FABRICACION DE JUEGOS Y JUGUETES
1425;"3250";FABRICACION DE INSTRUMENTOS Y SUMINISTROS MEDICOS Y ODONTOLOGICOS
1427;"3291";"FABRICACION DE ESCOBAS; BROCHAS Y CEPILLOS"
1428;"3299";OTRAS INDUSTRIAS MANUFACTURERAS N.C.O.P.
1431;"3311";REPARACION DE PRODUCTOS METALICOS
1432;"3312";REPARACION DE MAQUINARIA
1433;"3313";REPARACION DE EQUIPOS ELECTRONICOS Y OPTICOS
1434;"3314";REPARACION DE EQUIPOS ELECTRICOS
1435;"3315";REPARACION Y MANTENIMIENTO NAVAL
1436;"3316";REPARACION Y MANTENIMIENTO AERONAUTICO Y ESPACIAL
1437;"3317";REPARACION Y MANTENIMIENTO DE OTRO MATERIAL DE TRANSPORTE
1438;"3319";REPARACION DE OTROS EQUIPOS
1440;"3320";INSTALACION DE MAQUINAS Y EQUIPOS INDUSTRIALES
1444;"3512";TRANSPORTE DE ENERGIA ELECTRICA
1445;"3513";DISTRIBUCION DE ENERGIA ELECTRICA
1446;"3514";COMERCIO DE ENERGIA ELECTRICA
1447;"3515";PRODUCCION DE ENERGIA HIDROELECTRICA
1448;"3516";PRODUCCION DE ENERGIA ELECTRICA DE ORIGEN TERMICO CONVENCIONAL
1449;"3517";PRODUCCION DE ENERGIA ELECTRICA DE ORIGEN NUCLEAR
1450;"3518";PRODUCCION DE ENERGIA ELECTRICA DE ORIGEN EOLICO
1451;"3519";PRODUCCION DE ENERGIA ELECTRICA DE OTROS TIPOS
1453;"3521";PRODUCCION DE GAS
1454;"3522";DISTRIBUCION POR TUBERIA DE COMBUSTIBLES GASEOSOS
1455;"3523";COMERCIO DE GAS POR TUBERIA
1457;"3530";SUMINISTRO DE VAPOR Y AIRE ACONDICIONADO
1461;"3600";"CAPTACION; DEPURACION Y DISTRIBUCION DE AGUA"
1464;"3700";RECOGIDA Y TRATAMIENTO DE AGUAS RESIDUALES
1467;"3811";RECOGIDA DE RESIDUOS NO PELIGROSOS
1468;"3812";RECOGIDA DE RESIDUOS PELIGROSOS
1470;"3821";TRATAMIENTO Y ELIMINACION DE RESIDUOS NO PELIGROSOS
1471;"3822";TRATAMIENTO Y ELIMINACION DE RESIDUOS PELIGROSOS
1473;"3831";SEPARACION Y CLASIFICACION DE MATERIALES
1474;"3832";VALORIZACION DE MATERIALES YA CLASIFICADOS
1477;"3900";ACTIVIDADES DE DESCONTAMINACION Y OTROS SERVICIOS DE GESTION DE RESIDUOS
1481;"4110";PROMOCION INMOBILIARIA
1483;"4121";CONSTRUCCION DE EDIFICIOS RESIDENCIALES
1484;"4122";CONSTRUCCION DE EDIFICIOS NO RESIDENCIALES
1487;"4211";CONSTRUCCION DE CARRETERAS Y AUTOPISTAS
1488;"4212";CONSTRUCCION DE VIAS FERREAS DE SUPERFICIE Y SUBTERRANEAS
1489;"4213";CONSTRUCCION DE PUENTES Y TUNELES
1491;"4221";CONSTRUCCION DE REDES PARA FLUIDOS
1492;"4222";CONSTRUCCION DE REDES ELECTRICAS Y DE TELECOMUNICACIONES
1494;"4291";OBRAS HIDRAULICAS
1495;"4299";CONSTRUCCION DE OTROS PROYECTOS DE INGENIERIA CIVIL N.C.O.P.
1498;"4311";DEMOLICION
1499;"4312";PREPARACION DE TERRENOS
1500;"4313";PERFORACIONES Y SONDEOS
1502;"4321";INSTALACIONES ELECTRICAS
1503;"4322";"FONTANERIA; INSTALACIONES DE SISTEMAS DE CALEFACCION Y AIRE ACONDICIONADO"
1504;"4329";OTRAS INSTALACIONES EN OBRAS DE CONSTRUCCION
1506;"4331";REVOCAMIENTO
1507;"4332";INSTALACION DE CARPINTERIA
1508;"4333";REVESTIMIENTO DE SUELOS Y PAREDES
1509;"4334";PINTURA Y ACRISTALAMIENTO
1510;"4339";OTRO ACABADO DE EDIFICIOS
1512;"4391";CONSTRUCCION DE CUBIERTAS
1513;"4399";OTRAS ACTIVIDADES DE CONSTRUCCION ESPECIALIZADA N.C.O.P.
1517;"4511";VENTA DE AUTOMOVILES Y VEHICULOS DE MOTOR LIGEROS
1518;"4519";VENTA DE OTROS VEHICULOS DE MOTOR
1520;"4520";MANTENIMIENTO Y REPARACION DE VEHICULOS DE MOTOR
1522;"4531";COMERCIO AL POR MAYOR DE REPUESTOS Y ACCESORIOS DE VEHICULOS DE MOTOR
1523;"4532";COMERCIO AL POR MENOR DE REPUESTOS Y ACCESORIOS DE VEHICULOS DE MOTOR
1525;"4540";"VENTA; MANTENIMIENTO Y REPARACION DE MOTOCICLETAS Y DE SUS REPUESTOS Y ACCESORIOS"
1528;"4611";"INTERMEDIARIOS DEL COMERCIO DE MATERIAS PRIMAS AGRARIAS; ANIMALES VIVOS; MATERIAS PRIMAS TEXTILES Y PRODUCTOS SEMIELABORADOS"
1529;"4612";"INTERMEDIARIOS DEL COMERCIO DE COMBUSTIBLES; MINERALES; METALES Y PRODUCTOS QUIMICOS INDUSTRIALES"
1530;"4613";INTERMEDIARIOS DEL COMERCIO DE LA MADERA Y MATERIALES DE CONSTRUCCION
1531;"4614";"INTERMEDIARIOS DEL COMERCIO DE MAQUINARIA; EQUIPO INDUSTRIAL; EMBARCACIONES Y AERONAVES"
1532;"4615";"INTERMEDIARIOS DEL COMERCIO DE MUEBLES; ARTICULOS PARA EL HOGAR Y FERRETERIA"
1533;"4616";"INTERMEDIARIOS DEL COMERCIO DE TEXTILES; PRENDAS DE VESTIR; PELETERIA; CALZADO Y ARTICULOS DE CUERO"
1534;"4617";"INTERMEDIARIOS DEL COMERCIO DE PRODUCTOS ALIMENTICIOS; BEBIDAS Y TABACO"
1535;"4618";INTERMEDIARIOS DEL COMERCIO ESPECIALIZADOS EN LA VENTA DE OTROS PRODUCTOS ESPECIFICOS
1536;"4619";INTERMEDIARIOS DEL COMERCIO DE PRODUCTOS DIVERSOS
1538;"4621";"COMERCIO AL POR MAYOR DE CEREALES; TABACO EN RAMA; SIMIENTES Y ALIMENTOS PARA ANIMALES"
1539;"4622";COMERCIO AL POR MAYOR DE FLORES Y PLANTAS
1540;"4623";COMERCIO AL POR MAYOR DE ANIMALES VIVOS
1541;"4624";COMERCIO AL POR MAYOR DE CUEROS Y PIELES
1543;"4631";COMERCIO AL POR MAYOR DE FRUTAS Y HORTALIZAS
1544;"4632";COMERCIO AL POR MAYOR DE CARNE Y PRODUCTOS CARNICOS
1545;"4633";"COMERCIO AL POR MAYOR DE PRODUCTOS LACTEOS; HUEVOS; ACEITES Y GRASAS COMESTIBLES"
1546;"4634";COMERCIO AL POR MAYOR DE BEBIDAS
1547;"4635";COMERCIO AL POR MAYOR DE PRODUCTOS DEL TABACO
1548;"4636";"COMERCIO AL POR MAYOR DE AZUCAR; CHOCOLATE Y CONFITERIA"
1549;"4637";"COMERCIO AL POR MAYOR DE CAFE; TE; CACAO Y ESPECIAS"
1550;"4638";COMERCIO AL POR MAYOR DE PESCADOS Y MARISCOS Y OTROS PRODUCTOS ALIMENTICIOS
1551;"4639";"COMERCIO AL POR MAYOR; NO ESPECIALIZADO; DE PRODUCTOS ALIMENTICIOS; BEBIDAS Y TABACO"
1553;"4641";COMERCIO AL POR MAYOR DE TEXTILES
1554;"4642";COMERCIO AL POR MAYOR DE PRENDAS DE VESTIR Y CALZADO
1555;"4643";COMERCIO AL POR MAYOR DE APARATOS ELECTRODOMESTICOS
1556;"4644";"COMERCIO AL POR MAYOR DE PORCELANA; CRISTALERIA Y ARTICULOS DE LIMPIEZA"
1557;"4645";COMERCIO AL POR MAYOR DE PRODUCTOS PERFUMERIA Y COSMETICA
1558;"4646";COMERCIO AL POR MAYOR DE PRODUCTOS FARMACEUTICOS
1559;"4647";"COMERCIO AL POR MAYOR DE MUEBLES; ALFOMBRAS Y APARATOS DE ILUMINACION"
1560;"4648";COMERCIO AL POR MAYOR DE ARTICULOS DE RELOJERIA Y JOYERIA
1561;"4649";COMERCIO AL POR MAYOR DE OTROS ARTICULOS DE USO DOMESTICO
1563;"4651";"COMERCIO AL POR MAYOR DE ORDENADORES; EQUIPOS PERIFERICOS Y PROGRAMAS INFORMATICOS"
1564;"4652";COMERCIO AL POR MAYOR DE EQUIPOS ELECTRONICOS Y DE TELECOMUNICACIONES Y SUS COMPONENTES
1566;"4661";"COMERCIO AL POR MAYOR DE MAQUINARIA; EQUIPOS Y SUMINISTROS AGRICOLAS"
1567;"4662";COMERCIO AL POR MAYOR DE MAQUINAS HERRAMIENTA
1568;"4663";"COMERCIO AL POR MAYOR DE MAQUINARIA PARA LA MINERIA; LA CONSTRUCCION Y LA INGENIERIA CIVIL"
1569;"4664";COMERCIO AL POR MAYOR DE MAQUINARIA PARA LA INDUSTRIA TEXTIL Y DE MAQUINAS DE COSER Y TRICOTAR
1570;"4665";COMERCIO AL POR MAYOR DE MUEBLES DE OFICINA
1571;"4666";COMERCIO AL POR MAYOR DE OTRA MAQUINARIA Y EQUIPO DE OFICINA
1572;"4669";COMERCIO AL POR MAYOR DE OTRA MAQUINARIA Y EQUIPO
1574;"4671";"COMERCIO AL POR MAYOR DE COMBUSTIBLES SOLIDOS; LIQUIDOS Y GASEOSOS; Y PRODUCTOS SIMILARES"
1575;"4672";COMERCIO AL POR MAYOR DE METALES Y MINERALES METALICOS
1576;"4673";"COMERCIO AL POR MAYOR DE MADERA; MATERIALES DE CONSTRUCCION Y APARATOS SANITARIOS"
1577;"4674";"COMERCIO AL POR MAYOR DE FERRETERIA; FONTANERIA Y CALEFACCION"
1578;"4675";COMERCIO AL POR MAYOR DE PRODUCTOS QUIMICOS
1579;"4676";COMERCIO AL POR MAYOR DE OTROS PRODUCTOS SEMIELABORADOS
1580;"4677";COMERCIO AL POR MAYOR DE CHATARRA Y PRODUCTOS DE DESECHO
1582;"4690";COMERCIO AL POR MAYOR NO ESPECIALIZADO
1585;"4711";"COMERCIO AL POR MENOR EN ESTABLECIMIENTOS NO ESPECIALIZADOS; CON PREDOMINIO EN PRODUCTOS ALIMENTICIOS; BEBIDAS Y TABACO"
1586;"4719";OTRO COMERCIO AL POR MENOR EN ESTABLECIMIENTOS NO ESPECIALIZADOS
1588;"4721";COMERCIO AL POR MENOR DE FRUTAS Y HORTALIZAS EN ESTABLECIMIENTOS ESPECIALIZADOS
1589;"4722";COMERCIO AL POR MENOR DE CARNE Y PRODUCTOS CARNICOS EN ESTABLECIMIENTOS ESPECIALIZADOS
1590;"4723";COMERCIO AL POR MENOR DE PESCADOS Y MARISCOS EN ESTABLECIMIENTOS ESPECIALIZADOS
1591;"4724";"COMERCIO AL POR MENOR DE PAN Y PRODUCTOS DE PANADERIA; CONFITERIA Y PASTELERIA EN ESTABLECIMIENTOS ESPECIALIZADOS"
1592;"4725";COMERCIO AL POR MENOR DE BEBIDAS EN ESTABLECIMIENTOS ESPECIALIZADOS
1593;"4726";COMERCIO AL POR MENOR DE PRODUCTOS DE TABACO EN ESTABLECIMIENTOS ESPECIALIZADOS
1594;"4729";OTRO COMERCIO AL POR MENOR DE PRODUCTOS ALIMENTICIOS EN ESTABLECIMIENTOS ESPECIALIZADOS
1596;"4730";COMERCIO AL POR MENOR DE COMBUSTIBLE PARA LA AUTOMOCION EN ESTABLECIMIENTOS ESPECIALIZADOS
1598;"4741";"COMERCIO AL POR MENOR DE ORDENADORES; EQUIPOS PERIFERICOS Y PROGRAMAS INFORMATICOS EN ESTABLECIMIENTOS ESPECIALIZADOS"
1599;"4742";COMERCIO AL POR MENOR DE EQUIPOS DE TELECOMUNICACIONES EN ESTABLECIMIENTOS ESPECIALIZADOS
1600;"4743";COMERCIO AL POR MENOR DE EQUIPOS DE AUDIO Y VIDEO EN ESTABLECIMIENTOS ESPECIALIZADOS
1602;"4751";COMERCIO AL POR MENOR DE TEXTILES EN ESTABLECIMIENTOS ESPECIALIZADOS
1603;"4752";"COMERCIO AL POR MENOR DE FERRETERIA; PINTURA Y VIDRIO EN ESTABLECIMIENTOS ESPECIALIZADOS"
1604;"4753";"COMERCIO AL POR MENOR DE ALFOMBRAS; MOQUETAS Y REVESTIMIENTOS DE PAREDES Y SUELOS EN ESTABLECIMIENTOS ESPECIALIZADOS"
1605;"4754";COMERCIO AL POR MENOR DE APARATOS ELECTRODOMESTICOS EN ESTABLECIMIENTOS ESPECIALIZADOS
1606;"4759";"COMERCIO AL POR MENOR DE MUEBLES; APARATOS DE ILUMINACION Y OTROS ARTICULOS DE USO DOMESTICO EN ESTABLECIMIENTOS ESPECIALIZADOS"
1608;"4761";COMERCIO AL POR MENOR DE LIBROS EN ESTABLECIMIENTOS ESPECIALIZADOS
1609;"4762";COMERCIO AL POR MENOR DE PERIODICOS Y ARTICULOS DE PAPELERIA EN ESTABLECIMIENTOS ESPECIALIZADOS
1610;"4763";COMERCIO AL POR MENOR DE GRABACIONES DE MUSICA Y VIDEO EN ESTABLECIMIENTOS ESPECIALIZADOS
1611;"4764";COMERCIO AL POR MENOR DE ARTICULOS DEPORTIVOS EN ESTABLECIMIENTOS ESPECIALIZADOS
1612;"4765";COMERCIO AL POR MENOR DE JUEGOS Y JUGUETES EN ESTABLECIMIENTOS ESPECIALIZADOS
1614;"4771";COMERCIO AL POR MENOR DE PRENDAS DE VESTIR EN ESTABLECIMIENTOS ESPECIALIZADOS
1615;"4772";COMERCIO AL POR MENOR DE CALZADO Y ARTICULOS DE CUERO EN ESTABLECIMIENTOS ESPECIALIZADOS
1616;"4773";COMERCIO AL POR MENOR DE PRODUCTOS FARMACEUTICOS EN ESTABLECIMIENTOS ESPECIALIZADOS
1617;"4774";COMERCIO AL POR MENOR DE ARTICULOS MEDICOS Y ORTOPEDICOS EN ESTABLECIMIENTOS COMERCIO AL POR MENOR DE ARTICULOS MEDICOS Y ORTOPEDICOS EN ESTABLECIMIENTOS ESPECIALIZADOS
1618;"4775";COMERCIO AL POR MENOR DE PRODUCTOS COSMETICOS E HIGIENICOS EN ESTABLECIMIENTOS ESPECIALIZADOS
1619;"4776";"COMERCIO AL POR MENOR DE FLORES; PLANTAS; SEMILLAS; FERTILIZANTES; ANIMALES DE COMPAÑIA Y ALIMENTOS PARA LOS MISMOS EN ESTABLECIMIENTOS ESPECIALIZADOS"
1620;"4777";COMERCIO AL POR MENOR DE ARTICULOS DE RELOJERIA Y JOYERIA EN ESTABLECIMIENTOS ESPECIALIZADOS
1621;"4778";OTRO COMERCIO AL POR MENOR DE ARTICULOS NUEVOS EN ESTABLECIMIENTOS ESPECIALIZADOS
1622;"4779";COMERCIO AL POR MENOR DE ARTICULOS DE SEGUNDA MANO EN ESTABLECIMIENTOS
1624;"4781";"COMERCIO AL POR MENOR DE PRODUCTOS ALIMENTICIOS; BEBIDAS Y TABACO EN PUESTOS DE VENTA Y EN MERCADILLOS"
2291;"692";"ACTIVIDADES DE CONTABILIDAD; TENEDURIA DE LIBROS; AUDITORIA Y ASESORIA FISCAL"
2292;"70";ACTIVIDADES DE LAS SEDES CENTRALES; ACTIVIDADES DE CONSULTORIA DE GESTION EMPRESARIAL
2293;"701";ACTIVIDADES DE LAS SEDES CENTRALES
2294;"702";ACTIVIDADES DE CONSULTORIA DE GESTION EMPRESARIAL
2295;"71";SERVICIOS TECNICOS DE ARQUITECTURA E INGENIERIA; ENSAYOS Y ANALISIS TECNICOS
2296;"711";SERVICIOS TECNICOS DE ARQUITECTURA E INGENIERIA Y OTRAS ACTIVIDADES RELACIONADAS CON EL ASESORAMIENTO TECNICO
2297;"712";ENSAYOS Y ANALISIS TECNICOS
2298;"72";INVESTIGACION Y DESARROLLO
2299;"721";INVESTIGACION Y DESARROLLO EXPERIMENTAL EN CIENCIAS NATURALES Y TECNICAS
2300;"722";INVESTIGACION Y DESARROLLO EXPERIMENTAL EN CIENCIAS SOCIALES Y HUMANIDADES
2301;"73";PUBLICIDAD Y ESTUDIOS DE MERCADO
2302;"731";PUBLICIDAD
2303;"732";ESTUDIO DE MERCADO Y REALIZACION DE ENCUESTAS DE OPINION PUBLICA
2304;"74";"OTRAS ACTIVIDADES PROFESIONALES; CIENTIFICAS Y TECNICAS"
2305;"741";ACTIVIDADES DE DISEÑO ESPECIALIZADO
2306;"742";ACTIVIDADES DE FOTOGRAFIA
2307;"743";ACTIVIDADES DE TRADUCCION E INTERPRETACION
2308;"749";"OTRAS ACTIVIDADES PROFESIONALES; CIENTIFICAS Y TECNICAS N.C.O.P."
2309;"75";ACTIVIDADES VETERINARIAS
2310;"750";ACTIVIDADES VETERINARIAS
2311;N;ACTIVIDADES ADMINISTRATIVAS Y SERVICIOS AUXLIARES
2312;"77";ACTIVIDADES DE ALQUILER
2313;"771";ALQUILER DE VEHICULOS DE MOTOR
2314;"772";ALQUILER DE EFECTOS PERSONALES Y ARTICULOS DE USO DOMESTICO
2315;"773";"ALQUILER DE OTRA MAQUINARIA; EQUIPOS Y BIENES TANGIBLES"
2316;"774";"ARRENDAMIENTO DE LA PROPIEDAD INTELECTUAL Y PRODUCTOS SIMILARES; EXCEPTO TRABAJOS PROTEGIDOS POR LOS DERECHOS DE AUTOR"
2317;"78";ACTIVIDADES RELACIONADAS CON EL EMPLEO
2318;"781";ACTIVIDADES DE LAS AGENCIAS DE COLOCACION
2319;"782";ACTIVIDADES DE LAS EMPRESAS DE TRABAJO TEMPORAL
2320;"783";OTRA PROVISION DE RECURSOS HUMANOS
2321;"79";"ACTIVIDADES DE AGENCIAS DE VIAJES; OPERADORES TURISTICOS; SERVICIOS DE RESERVAS Y ACTIVIDADES RELACIONADAS CON LOS MISMOS"
2322;"791";ACTIVIDADES DE AGENCIAS DE VIAJES Y OPERADORES TURISTICOS
2323;"799";OTROS SERVICIOS DE RESERVAS Y ACTIVIDADES RELACIONADAS CON LOS MISMOS
2324;"80";ACTIVIDADES DE SEGURIDAD E INVESTIGACION
2325;"801";ACTIVIDADES DE SEGURIDAD PRIVADA
2326;"802";SERVICIOS DE SISTEMAS DE SEGURIDAD
2327;"803";ACTIVIDADES DE INVESTIGACION
2328;"81";SERVICIOS A EDIFICIOS Y ACTIVIDADES DE JARDINERIA
2329;"811";SERVICIOS INTEGRALES A EDIFICIOS E INSTALACIONES
2330;"812";ACTIVIDADES DE LIMPIEZA
2331;"813";ACTIVIDADES DE JARDINERIA
2332;"82";ACTIVIDADES ADMINISTRATIVAS DE OFICINA Y OTRAS ACTIVIDADES AUXILIARES A LAS EMPRESAS
2333;"821";ACTIVIDADES ADMINISTRATIVAS Y AUXILIARES DE OFICINA
2334;"822";ACTIVIDADES DE LOS CENTROS DE LLAMADAS
2335;"823";ORGANIZACION DE CONVENCIONES Y FERIAS DE MUESTRAS
2336;"829";ACTIVIDADES DE APOYO A LAS EMPRESAS N.C.O.P.
2337;O;ADMINISTRACION PUBLICA Y DEFENSA; SEGURIDAD SOCIAL OBLIGATORIA
2338;"84";ADMINISTRACION PUBLICA Y DEFENSA; SEGURIDAD SOCIAL OBLIGATORIA
2339;"841";ADMINISTRACION PUBLICA Y DE LA POLITICA ECONOMICA Y SOCIAL
2340;"842";PRESTACION DE SERVICIOS A LA COMUNIDAD EN GENERAL
2341;"843";SEGURIDAD SOCIAL OBLIGATORIA
2342;P;EDUCACION
2343;"85";EDUCACION
2344;"851";EDUCACION PREPRIMARIA
2345;"852";EDUCACION PRIMARIA
2346;"853";EDUCACION SECUNDARIA
2347;"854";EDUCACION POSTSECUNDARIA
2348;"855";OTRA EDUCACION
2349;"856";ACTIVIDADES AUXILIARES A LA EDUCACION
2350;Q;ACTIVIDADES SANITARIAS Y DE SERVICIOS SOCIALES
2351;"86";ACTIVIDADES SANITARIAS
2352;"861";ACTIVIDADES HOSPITALARIAS
2353;"862";ACTIVIDADES MEDICAS Y ODONTOLOGICAS
2354;"869";OTRAS ACTIVIDADES SANITARIAS
2355;"87";ASISTENCIA EN ESTABLECIMIENTOS RESIDENCIALES
2356;"871";ASISTENCIA EN ESTABLECIMIENTOS RESIDENCIALES CON CUIDADOS SANITARIOS
2357;"872";"ASISTENCIA EN ESTABLECIMIENTOS RESIDENCIALES PARA PERSONAS CON DISCAPACIDAD INTELECTUAL; ENFERMEDAD MENTAL Y DROGODEPENDENCIA"
2358;"873";ASISTENCIA EN ESTABLECIMIENTOS RESIDENCIALES PARA PERSONAS MAYORES Y CON DISCAPACIDAD FISICA
2359;"879";OTRAS ACTIVIDADES DE ASISTENCIA EN ESTABLECIMIENTOS RESIDENCIALES
2360;"88";ACTIVIDADES DE SERVICIOS SOCIALES SIN ALOJAMIENTO
2361;"881";ACTIVIDADES DE SERVICIOS SOCIALES SIN ALOJAMIENTO PARA PERSONAS MAYORES Y CON DISCAPACIDAD
2362;"889";OTROS ACTIVIDADES DE SERVICIOS SOCIALES SIN ALOJAMIENTO
2363;R;"ACTIVIDADES ARTISTICAS; RECREATIVAS Y DE ENTRENIMIENTO"
2364;"90";"ACTIVIDADES DE CREACION; ARTISTICAS Y ESPECTACULOS"
2365;"900";"ACTIVIDADES DE CREACION; ARTISTICAS Y ESPECTACULOS"
2366;"91";"ACTIVIDADES DE BIBLIOTECAS; ARCHIVOS; MUSEOS Y OTRAS ACTIVIDADES CULTURALES"
2367;"910";"ACTIVIDADES DE BIBLIOTECAS; ARCHIVOS; MUSEOS Y OTRAS ACTIVIDADES CULTURALES"
2368;"92";ACTIVIDADES DE JUEGOS DE AZAR Y APUESTAS
2369;"920";ACTIVIDADES DE JUEGOS DE AZAR Y APUESTAS
2370;"93";"ACTIVIDADES DEPORTIVAS; RECREATIVAS Y DE ENTRETENIMIENTO"
2371;"931";ACTIVIDADES DEPORTIVAS
2372;"932";ACTIVIDADES RECREATIVAS Y DE ENTRETENIMIENTO
2373;S;OTROS SERVICIOS
2374;"94";ACTIVIDADES ASOCIATIVAS
2375;"941";"ACTIVIDADES DE ORGANIZACIONES EMPRESARIALES; PROFESIONALES Y PATRONALES"
2376;"942";ACTIVIDADES SINDICALES
2377;"949";OTRAS ACTIVIDADES ASOCIATIVAS
2378;"95";"REPARACION DE ORDENADORES; EFECTOS PERSONALES Y ARTICULOS DE USO DOMESTICO"
2379;"951";REPARACION DE ORDENADORES Y EQUIPOS DE COMUNICACION
2380;"952";REPARACION DE EFECTOS PERSONALES Y ARTICULOS DE USO DOMESTICO
2381;"96";OTROS SERVICIOS PERSONALES
2382;"960";OTROS SERVICIOS PERSONALES
2383;T;ACTIVIDADES DE LOS HOGARES COMO EMPLEADORES DE PERSONAL DOMESTICO; ACTIVIDADES DE LOS HOGARES COMO PRODUCTORES DE BIENES Y SERVICIOS PARA USO PROPIO
2384;"97";ACTIVIDADES DE LOS HOGARES COMO EMPLEADORES DE PERSONAL DOMESTICO
2385;"970";ACTIVIDADES DE LOS HOGARES COMO EMPLEADORES DE PERSONAL DOMESTICO
2386;"98";ACTIVIDADES DE LOS HOGARES COMO PRODUCTORES DE BIENES Y SERVICIOS PARA USO PROPIO
2387;"981";ACTIVIDADES DE LOS HOGARES COMO PRODUCTORES DE BIENES PARA USO PROPIO
2388;"982";ACTIVIDADES DE LOS HOGARES COMO PRODUCTORES DE SERVICIOS PARA USO PROPIO
2389;U;ACTIVIDADES DE ORGANIZACIONES Y ORGANISMOS EXTRATERRITORIALES
2390;"99";ACTIVIDADES DE ORGANIZACIONES Y ORGANISMOS EXTRATERRITORIALES
2391;"990";ACTIVIDADES DE ORGANIZACIONES Y ORGANISMOS EXTRATERRITORIALES
2190;"432";"INSTALACIONES ELECTRICAS; DE FONTANERIA Y OTRAS INSTALACIONES EN OBRAS DE CONSTRUCCION"
2191;"433";ACABADO DE EDIFICIOS
2192;"439";OTRAS ACTIVIDADES DE CONSTRUCCION ESPECIALIZADA
2193;G;COMERCIO AL POR MAYOR Y AL POR MENOR; REPARACION DE VEHICULOS DE MOTOR Y MOTOCICLETAS
2194;"45";VENTA Y REPARACION DE VEHICULOS DE MOTOR Y MOTOCICLETAS
2195;"451";VENTA DE VEHICULOS DE MOTOR
2196;"452";MANTENIMIENTO Y REPARACION DE VEHICULOS DE MOTOR
2197;"453";COMERCIO DE REPUESTOS Y ACCESORIOS DE VEHICULOS DE MOTOR
2198;"454";"VENTA; MANTENIMIENTO Y REPARACION DE MOTOCICLETAS Y DE SUS REPUESTOS Y ACCESORIOS"
2199;"46";"COMERCIO AL POR MAYOR E INTERMEDIARIOS DEL COMERCIO; EXCEPTO DE VEHICULOS DE MOTOR Y MOTOCICLETAS"
2200;"461";INTERMEDIARIOS DEL COMERCIO
2201;"462";COMERCIO AL POR MAYOR DE MATERIAS PRIMAS AGRARIAS Y DE ANIMALES VIVOS
2202;"463";"COMERCIO AL POR MAYOR DE PRODUCTOS ALIMENTICIOS; BEBIDAS Y TABACO"
2203;"464";COMERCIO AL POR MAYOR DE ARTICULOS DE USO DOMESTICO
2204;"465";COMERCIO AL POR MAYOR DE EQUIPOS PARA LAS TECNOLOGIAS DE LA INFORMACION Y LAS COMUNICACIONES
2205;"466";"COMERCIO AL POR MAYOR DE OTRA MAQUINARIA; EQUIPOS Y SUMINISTROS"
2206;"467";OTRO COMERCIO AL POR MAYOR ESPECIALIZADO
2207;"469";COMERCIO AL POR MAYOR NO ESPECIALIZADO
2208;"47";"COMERCIO AL POR MENOR; EXCEPTO DE VEHICULOS DE MOTOR Y MOTOCICLETAS"
2209;"471";COMERCIO AL POR MENOR EN ESTABLECIMIENTOS NO ESPECIALIZADOS
2210;"472";"COMERCIO AL POR MENOR DE PRODUCTOS ALIMENTICIOS; BEBIDAS Y TABACO EN ESTABLECIMIENTOS ESPECIALIZADOS"
2211;"473";COMERCIO AL POR MENOR DE COMBUSTIBLE PARA LA AUTOMOCION EN ESTABLECIMIENTOS ESPECIALIZADOS
2212;"474";COMERCIO AL POR MENOR DE EQUIPOS PARA LAS TECNOLOGIAS DE LA INFORMACION Y LAS COMUNICACIONES EN ESTABLECIMIENTOS ESPECIALIZADOS
2213;"475";COMERCIO AL POR MENOR DE OTROS ARTICULOS DE USO DOMESTICO EN ESTABLECIMIENTOS ESPECIALIZADOS
2214;"476";COMERCIO AL POR MENOR DE ARTICULOS CULTURALES Y RECREATIVOS EN ESTABLECIMIENTOS ESPECIALIZADOS
2215;"477";COMERCIO AL POR MENOR DE OTROS ARTICULOS EN ESTABLECIMIENTOS ESPECIALIZADOS
2216;"478";COMERCIO AL POR MENOR EN PUESTOS DE VENTA Y EN MERCADILLOS
2217;"479";"COMERCIO AL POR MENOR NO REALIZADO NI EN ESTABLECIMIENTOS; NI EN PUESTOS DE VENTA NI EN MERCADILLOS"
2218;H;TRANSPORTE Y ALMACENAMIENTO
2219;"49";TRANSPORTE TERRESTRE Y POR TUBERIA
2220;"491";TRANSPORTE INTERURBANO DE PASAJEROS POR FERROCARRIL
2221;"492";TRANSPORTE DE MERCANCIAS POR FERROCARRIL
2222;"493";OTRO TRANSPORTE TERRESTRE DE PASAJEROS
2223;"494";TRANSPORTE DE MERCANCIAS POR CARRETERA Y SERVICIOS DE MUDANZA
2224;"495";TRANSPORTE POR TUBERIA
2225;"50";TRANSPORTE MARITIMO Y POR VIAS NAVEGABLES INTERIORES
2226;"501";TRANSPORTE MARITIMO DE PASAJEROS
2227;"502";TRANSPORTE MARITIMO DE MERCANCIAS
2228;"503";TRANSPORTE DE PASAJEROS POR VIAS NAVEGABLES INTERIORES
2229;"504";TRANSPORTE DE MERCANCIAS POR VIAS NAVEGABLES INTERIORES
2230;"51";TRANSPORTE AEREO
2231;"511";TRANSPORTE AEREO DE PASAJEROS
2232;"512";TRANSPORTE AEREO DE MERCANCIAS Y TRANSPORTE ESPACIAL
2233;"52";ALMACENAMIENTO Y ACTIVIDADES ANEXAS AL TRANSPORTE
2234;"521";DEPOSITO Y ALMACENAMIENTO
2235;"522";ACTIVIDADES ANEXAS AL TRANSPORTE
2236;"53";ACTIVIDADES POSTALES Y DE CORREOS
2237;"531";ACTIVIDADES POSTALES SOMETIDAS A LA OBLIGACION DEL SERVICIO UNIVERSAL
2238;"532";OTRAS ACTIVIDADES POSTALES Y DE CORREOS
2239;I;HOSTELERIA
2240;"55";SERVICIOS DE ALOJAMIENTO
2241;"551";HOTELES Y ALOJAMIENTOS SIMILARES
2242;"552";ALOJAMIENTOS TURISTICOS Y OTROS ALOJAMIENTOS DE CORTA ESTANCIA
2243;"553";CAMPINGS Y APARCAMIENTOS PARA CARAVANAS
2244;"559";OTROS ALOJAMIENTOS
2245;"56";SERVICIOS DE COMIDAS Y BEBIDAS
2246;"561";RESTAURANTES Y PUESTOS DE COMIDAS
2247;"562";PROVISION DE COMIDAS PREPARADAS PARA EVENTOS Y OTROS SERVICIOS DE COMIDAS
2248;"563";ESTABLECIMIENTOS DE BEBIDAS
2249;J;INFORMACION Y COMUNICACIONES
2250;"58";EDICION
2251;"581";"EDICION DE LIBROS; PERIODICOS Y OTRAS ACTIVIDADES EDITORIALES"
2252;"582";EDICION DE PROGRAMAS INFORMATICOS
2253;"59";"ACTIVIDADES CINEMATOGRAFICAS; DE VIDEO Y DE PROGRAMAS DE TELEVISION; GRABACION DE SONIDO Y EDICION MUSICAL"
2254;"591";"ACTIVIDADES CINEMATOGRAFICAS; DE VIDEO Y DE PROGRAMAS DE TELEVISION"
2255;"592";ACTIVIDADES DE GRABACION DE SONIDO Y EDICION MUSICAL
2256;"60";ACTIVIDADES DE PROGRAMACION Y EMISION DE RADIO Y TELEVISION
2257;"601";ACTIVIDADES DE RADIODIFUSION
2258;"602";ACTIVIDADES DE PROGRAMACION Y EMISION DE TELEVISION
2259;"61";TELECOMUNICACIONES
2260;"611";TELECOMUNICACIONES POR CABLE
2261;"612";TELECOMUNICACIONES INALAMBRICAS
2262;"613";TELECOMUNICACIONES POR SATELITE
2263;"619";OTRAS ACTIVIDADES DE TELECOMUNICACIONES
2264;"62";"PROGRAMACION; CONSULTORIA Y OTRAS ACTIVIDADES RELACIONADAS CON LA INFORMATICA"
2265;"620";"PROGRAMACION; CONSULTORIA Y OTRAS ACTIVIDADES RELACIONADAS CON LA INFORMATICA"
2266;"63";SERVICIOS DE INFORMACION
2267;"631";"PROCESO DE DATOS; HOSTING Y ACTIVIDADES RELACIONADAS; PORTALES WEB"
2268;"639";OTROS SERVICIOS DE INFORMACION
2269;K;ACTIVIDADES FINANCIERAS Y DE SEGUROS
2270;"64";"SERVICIOS FINANCIEROS; EXCEPTO SEGUROS Y FONDOS DE PENSIONES"
2271;"641";INTERMEDIACION MONETARIA
2272;"642";ACTIVIDADES DE LAS SOCIEDADES HOLDING
2273;"643";"INVERSION COLECTIVA; FONDOS Y ENTIDADES FINANCIERAS SIMILARES"
2274;"649";"OTROS SERVICIOS FINANCIEROS; EXCEPTO SEGUROS Y FONDOS DE PENSIONES"
2275;"65";"SEGUROS; REASEGUROS Y FONDOS DE PENSIONES; EXCEPTO SEGURIDAD SOCIAL OBLIGATORIA"
2276;"651";SEGUROS
2277;"652";REASEGUROS
2278;"653";FONDOS DE PENSIONES
2279;"66";ACTIVIDADES AUXILIARES A LOS SERVICIOS FINANCIEROS Y A LOS SEGUROS
2280;"661";"ACTIVIDADES AUXILIARES A LOS SERVICIOS FINANCIEROS; EXCEPTO SEGUROS Y FONDOS DE PENSIONES"
2281;"662";ACTIVIDADES AUXILIARES A SEGUROS Y FONDOS DE PENSIONES
2282;"663";ACTIVIDADES DE GESTION DE FONDOS
2283;L;ACTIVIDADES INMOBILIARIAS
2284;"68";ACTIVIDADES INMOBILIARIAS
2285;"681";COMPRAVENTA DE BIENES INMOBILIARIOS POR CUENTA PROPIA
2286;"682";ALQUILER DE BIENES INMOBILIARIOS POR CUENTA PROPIA
2287;"683";ACTIVIDADES INMOBILIARIAS POR CUENTA DE TERCEROS
2288;M;"ACTIVIDADES PROFESIONALES; CIENTIFICAS Y TECNICAS"
2289;"69";ACTIVIDADES JURIDICAS Y DE CONTABILIDAD
2290;"691";ACTIVIDADES JURIDICAS
2394;"617.9";"COMERCIO AL POR MAYOR INTERINDUSTRIAL (EXCEPTO MINERÍA Y QUÍMICA) DE OTROS PRODUCTOS; MAQUINARIA Y MATERIAL N.C.O.P."
2392;"3142";FABRICACIÓN DE ESTRUCTURAS METÁLICAS
2393;"619.4";COM.MAY.PTOS. DE PAPEL Y CARTON
2395;"501.3";ALBAÑILERIA Y PEQ. TRABAJOS CONSTRUCCION
2396;"659.2";COM.MEN.MUEBLES Y MAQUINAS DE OFICINA
2397;"691.9";REPARACION OTROS BIENES CONSUMO NCOP
2398;"756";ACTIV. AUXILIARES Y COMPLEMENTARIAS TTE.
2399;"849.6";SERV.COLOCACION Y SUMINISTRO DE PERSONAL
2400;"999";OTROS SERVICIOS N.C.O.P.
2401;"8450";EXPLOTACIÓN ELECTRÓNICA POR CUENTA DE TERCEROS
